#group,false,false,true,true,false,false,true,true,true
#datatype,string,long,dateTime:RFC3339,dateTime:RFC3339,dateTime:RFC3339,double,string,string,string
#default,mean,,,,,,,,
,result,table,_start,_stop,_time,_value,DJI_AIR_2S,_field,_measurement
,,0,2022-10-22T14:56:00Z,2022-10-22T14:58:00Z,2022-10-22T14:56:00.654Z,348,Basic_metrics,FlightTime,Dji
,,0,2022-10-22T14:56:00Z,2022-10-22T14:58:00Z,2022-10-22T14:56:01.986Z,349,Basic_metrics,FlightTime,Dji
,,0,2022-10-22T14:56:00Z,2022-10-22T14:58:00Z,2022-10-22T14:56:03.318Z,350,Basic_metrics,FlightTime,Dji
,,0,2022-10-22T14:56:00Z,2022-10-22T14:58:00Z,2022-10-22T14:56:04.65Z,351,Basic_metrics,FlightTime,Dji
,,0,2022-10-22T14:56:00Z,2022-10-22T14:58:00Z,2022-10-22T14:56:05.982Z,353,Basic_metrics,FlightTime,Dji
,,0,2022-10-22T14:56:00Z,2022-10-22T14:58:00Z,2022-10-22T14:56:07.314Z,354,Basic_metrics,FlightTime,Dji
,,0,2022-10-22T14:56:00Z,2022-10-22T14:58:00Z,2022-10-22T14:56:08.979Z,356,Basic_metrics,FlightTime,Dji
,,0,2022-10-22T14:56:00Z,2022-10-22T14:58:00Z,2022-10-22T14:56:09.978Z,357,Basic_metrics,FlightTime,Dji
,,0,2022-10-22T14:56:00Z,2022-10-22T14:58:00Z,2022-10-22T14:56:11.31Z,358,Basic_metrics,FlightTime,Dji
,,0,2022-10-22T14:56:00Z,2022-10-22T14:58:00Z,2022-10-22T14:56:12.642Z,359,Basic_metrics,FlightTime,Dji
,,0,2022-10-22T14:56:00Z,2022-10-22T14:58:00Z,2022-10-22T14:56:14.64Z,361,Basic_metrics,FlightTime,Dji
,,0,2022-10-22T14:56:00Z,2022-10-22T14:58:00Z,2022-10-22T14:56:15.972Z,363,Basic_metrics,FlightTime,Dji
,,0,2022-10-22T14:56:00Z,2022-10-22T14:58:00Z,2022-10-22T14:56:17.304Z,364,Basic_metrics,FlightTime,Dji
,,0,2022-10-22T14:56:00Z,2022-10-22T14:58:00Z,2022-10-22T14:56:18.636Z,365,Basic_metrics,FlightTime,Dji
,,0,2022-10-22T14:56:00Z,2022-10-22T14:58:00Z,2022-10-22T14:56:20.301Z,367,Basic_metrics,FlightTime,Dji
,,0,2022-10-22T14:56:00Z,2022-10-22T14:58:00Z,2022-10-22T14:56:21.633Z,368,Basic_metrics,FlightTime,Dji
,,0,2022-10-22T14:56:00Z,2022-10-22T14:58:00Z,2022-10-22T14:56:22.965Z,370,Basic_metrics,FlightTime,Dji
,,0,2022-10-22T14:56:00Z,2022-10-22T14:58:00Z,2022-10-22T14:56:23.964Z,371,Basic_metrics,FlightTime,Dji
,,0,2022-10-22T14:56:00Z,2022-10-22T14:58:00Z,2022-10-22T14:56:25.296Z,372,Basic_metrics,FlightTime,Dji
,,0,2022-10-22T14:56:00Z,2022-10-22T14:58:00Z,2022-10-22T14:56:26.961Z,374,Basic_metrics,FlightTime,Dji
,,0,2022-10-22T14:56:00Z,2022-10-22T14:58:00Z,2022-10-22T14:56:28.293Z,375,Basic_metrics,FlightTime,Dji
,,0,2022-10-22T14:56:00Z,2022-10-22T14:58:00Z,2022-10-22T14:56:29.625Z,376,Basic_metrics,FlightTime,Dji
,,0,2022-10-22T14:56:00Z,2022-10-22T14:58:00Z,2022-10-22T14:56:30.957Z,378,Basic_metrics,FlightTime,Dji
,,0,2022-10-22T14:56:00Z,2022-10-22T14:58:00Z,2022-10-22T14:56:32.289Z,379,Basic_metrics,FlightTime,Dji
,,0,2022-10-22T14:56:00Z,2022-10-22T14:58:00Z,2022-10-22T14:56:33.288Z,380,Basic_metrics,FlightTime,Dji
,,0,2022-10-22T14:56:00Z,2022-10-22T14:58:00Z,2022-10-22T14:56:34.62Z,381,Basic_metrics,FlightTime,Dji
,,0,2022-10-22T14:56:00Z,2022-10-22T14:58:00Z,2022-10-22T14:56:36.285Z,383,Basic_metrics,FlightTime,Dji
,,0,2022-10-22T14:56:00Z,2022-10-22T14:58:00Z,2022-10-22T14:56:37.284Z,384,Basic_metrics,FlightTime,Dji
,,0,2022-10-22T14:56:00Z,2022-10-22T14:58:00Z,2022-10-22T14:56:38.616Z,385,Basic_metrics,FlightTime,Dji
,,0,2022-10-22T14:56:00Z,2022-10-22T14:58:00Z,2022-10-22T14:56:39.948Z,387,Basic_metrics,FlightTime,Dji
,,0,2022-10-22T14:56:00Z,2022-10-22T14:58:00Z,2022-10-22T14:56:40.947Z,388,Basic_metrics,FlightTime,Dji
,,0,2022-10-22T14:56:00Z,2022-10-22T14:58:00Z,2022-10-22T14:56:42.279Z,389,Basic_metrics,FlightTime,Dji
,,0,2022-10-22T14:56:00Z,2022-10-22T14:58:00Z,2022-10-22T14:56:43.611Z,390,Basic_metrics,FlightTime,Dji
,,0,2022-10-22T14:56:00Z,2022-10-22T14:58:00Z,2022-10-22T14:56:44.943Z,392,Basic_metrics,FlightTime,Dji
,,0,2022-10-22T14:56:00Z,2022-10-22T14:58:00Z,2022-10-22T14:56:46.275Z,393,Basic_metrics,FlightTime,Dji
,,0,2022-10-22T14:56:00Z,2022-10-22T14:58:00Z,2022-10-22T14:56:47.274Z,394,Basic_metrics,FlightTime,Dji
,,0,2022-10-22T14:56:00Z,2022-10-22T14:58:00Z,2022-10-22T14:56:48.606Z,395,Basic_metrics,FlightTime,Dji
,,0,2022-10-22T14:56:00Z,2022-10-22T14:58:00Z,2022-10-22T14:56:49.938Z,397,Basic_metrics,FlightTime,Dji
,,0,2022-10-22T14:56:00Z,2022-10-22T14:58:00Z,2022-10-22T14:56:51.27Z,398,Basic_metrics,FlightTime,Dji
,,0,2022-10-22T14:56:00Z,2022-10-22T14:58:00Z,2022-10-22T14:56:52.602Z,400,Basic_metrics,FlightTime,Dji
,,0,2022-10-22T14:56:00Z,2022-10-22T14:58:00Z,2022-10-22T14:56:53.934Z,401,Basic_metrics,FlightTime,Dji
,,0,2022-10-22T14:56:00Z,2022-10-22T14:58:00Z,2022-10-22T14:56:55.266Z,402,Basic_metrics,FlightTime,Dji
,,0,2022-10-22T14:56:00Z,2022-10-22T14:58:00Z,2022-10-22T14:56:56.931Z,404,Basic_metrics,FlightTime,Dji
,,0,2022-10-22T14:56:00Z,2022-10-22T14:58:00Z,2022-10-22T14:56:58.263Z,405,Basic_metrics,FlightTime,Dji
,,0,2022-10-22T14:56:00Z,2022-10-22T14:58:00Z,2022-10-22T14:56:59.928Z,407,Basic_metrics,FlightTime,Dji
,,0,2022-10-22T14:56:00Z,2022-10-22T14:58:00Z,2022-10-22T14:57:01.26Z,408,Basic_metrics,FlightTime,Dji
,,0,2022-10-22T14:56:00Z,2022-10-22T14:58:00Z,2022-10-22T14:57:02.259Z,409,Basic_metrics,FlightTime,Dji
,,0,2022-10-22T14:56:00Z,2022-10-22T14:58:00Z,2022-10-22T14:57:03.591Z,410,Basic_metrics,FlightTime,Dji
,,0,2022-10-22T14:56:00Z,2022-10-22T14:58:00Z,2022-10-22T14:57:04.923Z,412,Basic_metrics,FlightTime,Dji
,,0,2022-10-22T14:56:00Z,2022-10-22T14:58:00Z,2022-10-22T14:57:05.922Z,413,Basic_metrics,FlightTime,Dji
,,0,2022-10-22T14:56:00Z,2022-10-22T14:58:00Z,2022-10-22T14:57:07.587Z,415,Basic_metrics,FlightTime,Dji
,,0,2022-10-22T14:56:00Z,2022-10-22T14:58:00Z,2022-10-22T14:57:08.919Z,416,Basic_metrics,FlightTime,Dji
,,0,2022-10-22T14:56:00Z,2022-10-22T14:58:00Z,2022-10-22T14:57:10.251Z,417,Basic_metrics,FlightTime,Dji
,,0,2022-10-22T14:56:00Z,2022-10-22T14:58:00Z,2022-10-22T14:57:11.583Z,418,Basic_metrics,FlightTime,Dji
,,0,2022-10-22T14:56:00Z,2022-10-22T14:58:00Z,2022-10-22T14:57:12.582Z,419,Basic_metrics,FlightTime,Dji
,,0,2022-10-22T14:56:00Z,2022-10-22T14:58:00Z,2022-10-22T14:57:13.914Z,421,Basic_metrics,FlightTime,Dji
,,0,2022-10-22T14:56:00Z,2022-10-22T14:58:00Z,2022-10-22T14:57:15.246Z,422,Basic_metrics,FlightTime,Dji
,,0,2022-10-22T14:56:00Z,2022-10-22T14:58:00Z,2022-10-22T14:57:16.245Z,423,Basic_metrics,FlightTime,Dji
,,0,2022-10-22T14:56:00Z,2022-10-22T14:58:00Z,2022-10-22T14:57:17.91Z,425,Basic_metrics,FlightTime,Dji
,,0,2022-10-22T14:56:00Z,2022-10-22T14:58:00Z,2022-10-22T14:57:18.909Z,426,Basic_metrics,FlightTime,Dji
,,0,2022-10-22T14:56:00Z,2022-10-22T14:58:00Z,2022-10-22T14:57:20.241Z,427,Basic_metrics,FlightTime,Dji
,,0,2022-10-22T14:56:00Z,2022-10-22T14:58:00Z,2022-10-22T14:57:21.573Z,428,Basic_metrics,FlightTime,Dji
,,0,2022-10-22T14:56:00Z,2022-10-22T14:58:00Z,2022-10-22T14:57:22.905Z,430,Basic_metrics,FlightTime,Dji
,,1,2022-10-22T14:56:00Z,2022-10-22T14:58:00Z,2022-10-22T14:56:00.654Z,0,Basic_metrics,VelocityX,Dji
,,1,2022-10-22T14:56:00Z,2022-10-22T14:58:00Z,2022-10-22T14:56:01.986Z,-1.5,Basic_metrics,VelocityX,Dji
,,1,2022-10-22T14:56:00Z,2022-10-22T14:58:00Z,2022-10-22T14:56:02.985Z,-4.400000095367432,Basic_metrics,VelocityX,Dji
,,1,2022-10-22T14:56:00Z,2022-10-22T14:58:00Z,2022-10-22T14:56:04.317Z,0,Basic_metrics,VelocityX,Dji
,,1,2022-10-22T14:56:00Z,2022-10-22T14:58:00Z,2022-10-22T14:56:05.649Z,5.400000095367432,Basic_metrics,VelocityX,Dji
,,1,2022-10-22T14:56:00Z,2022-10-22T14:58:00Z,2022-10-22T14:56:06.981Z,6.300000190734863,Basic_metrics,VelocityX,Dji
,,1,2022-10-22T14:56:00Z,2022-10-22T14:58:00Z,2022-10-22T14:56:08.313Z,0.4000000059604645,Basic_metrics,VelocityX,Dji
,,1,2022-10-22T14:56:00Z,2022-10-22T14:58:00Z,2022-10-22T14:56:09.978Z,-2,Basic_metrics,VelocityX,Dji
,,1,2022-10-22T14:56:00Z,2022-10-22T14:58:00Z,2022-10-22T14:56:11.31Z,-2.200000047683716,Basic_metrics,VelocityX,Dji
,,1,2022-10-22T14:56:00Z,2022-10-22T14:58:00Z,2022-10-22T14:56:12.309Z,0.6000000238418579,Basic_metrics,VelocityX,Dji
,,1,2022-10-22T14:56:00Z,2022-10-22T14:58:00Z,2022-10-22T14:56:13.641Z,-2.0999999046325684,Basic_metrics,VelocityX,Dji
,,1,2022-10-22T14:56:00Z,2022-10-22T14:58:00Z,2022-10-22T14:56:15.972Z,0.699999988079071,Basic_metrics,VelocityX,Dji
,,1,2022-10-22T14:56:00Z,2022-10-22T14:58:00Z,2022-10-22T14:56:17.304Z,0.10000000149011612,Basic_metrics,VelocityX,Dji
,,1,2022-10-22T14:56:00Z,2022-10-22T14:58:00Z,2022-10-22T14:56:18.303Z,-0.5,Basic_metrics,VelocityX,Dji
,,1,2022-10-22T14:56:00Z,2022-10-22T14:58:00Z,2022-10-22T14:56:19.635Z,-4.099999904632568,Basic_metrics,VelocityX,Dji
,,1,2022-10-22T14:56:00Z,2022-10-22T14:58:00Z,2022-10-22T14:56:21.633Z,1.100000023841858,Basic_metrics,VelocityX,Dji
,,1,2022-10-22T14:56:00Z,2022-10-22T14:58:00Z,2022-10-22T14:56:22.965Z,3.799999952316284,Basic_metrics,VelocityX,Dji
,,1,2022-10-22T14:56:00Z,2022-10-22T14:58:00Z,2022-10-22T14:56:23.964Z,0.800000011920929,Basic_metrics,VelocityX,Dji
,,1,2022-10-22T14:56:00Z,2022-10-22T14:58:00Z,2022-10-22T14:56:25.296Z,0.10000000149011612,Basic_metrics,VelocityX,Dji
,,1,2022-10-22T14:56:00Z,2022-10-22T14:58:00Z,2022-10-22T14:56:26.628Z,0.30000001192092896,Basic_metrics,VelocityX,Dji
,,1,2022-10-22T14:56:00Z,2022-10-22T14:58:00Z,2022-10-22T14:56:28.293Z,0.8999999761581421,Basic_metrics,VelocityX,Dji
,,1,2022-10-22T14:56:00Z,2022-10-22T14:58:00Z,2022-10-22T14:56:29.625Z,-1.600000023841858,Basic_metrics,VelocityX,Dji
,,1,2022-10-22T14:56:00Z,2022-10-22T14:58:00Z,2022-10-22T14:56:30.624Z,0,Basic_metrics,VelocityX,Dji
,,1,2022-10-22T14:56:00Z,2022-10-22T14:58:00Z,2022-10-22T14:56:32.289Z,0,Basic_metrics,VelocityX,Dji
,,1,2022-10-22T14:56:00Z,2022-10-22T14:58:00Z,2022-10-22T14:56:33.288Z,0.20000000298023224,Basic_metrics,VelocityX,Dji
,,1,2022-10-22T14:56:00Z,2022-10-22T14:58:00Z,2022-10-22T14:56:34.62Z,2.0999999046325684,Basic_metrics,VelocityX,Dji
,,1,2022-10-22T14:56:00Z,2022-10-22T14:58:00Z,2022-10-22T14:56:35.952Z,0.5,Basic_metrics,VelocityX,Dji
,,1,2022-10-22T14:56:00Z,2022-10-22T14:58:00Z,2022-10-22T14:56:37.284Z,0.20000000298023224,Basic_metrics,VelocityX,Dji
,,1,2022-10-22T14:56:00Z,2022-10-22T14:58:00Z,2022-10-22T14:56:38.616Z,0,Basic_metrics,VelocityX,Dji
,,1,2022-10-22T14:56:00Z,2022-10-22T14:58:00Z,2022-10-22T14:56:39.615Z,-0.10000000149011612,Basic_metrics,VelocityX,Dji
,,1,2022-10-22T14:56:00Z,2022-10-22T14:58:00Z,2022-10-22T14:56:40.947Z,0.20000000298023224,Basic_metrics,VelocityX,Dji
,,1,2022-10-22T14:56:00Z,2022-10-22T14:58:00Z,2022-10-22T14:56:41.946Z,0.4000000059604645,Basic_metrics,VelocityX,Dji
,,1,2022-10-22T14:56:00Z,2022-10-22T14:58:00Z,2022-10-22T14:56:43.278Z,0,Basic_metrics,VelocityX,Dji
,,1,2022-10-22T14:56:00Z,2022-10-22T14:58:00Z,2022-10-22T14:56:44.943Z,-3.5,Basic_metrics,VelocityX,Dji
,,1,2022-10-22T14:56:00Z,2022-10-22T14:58:00Z,2022-10-22T14:56:45.942Z,0.5,Basic_metrics,VelocityX,Dji
,,1,2022-10-22T14:56:00Z,2022-10-22T14:58:00Z,2022-10-22T14:56:47.274Z,1.100000023841858,Basic_metrics,VelocityX,Dji
,,1,2022-10-22T14:56:00Z,2022-10-22T14:58:00Z,2022-10-22T14:56:48.606Z,0.10000000149011612,Basic_metrics,VelocityX,Dji
,,1,2022-10-22T14:56:00Z,2022-10-22T14:58:00Z,2022-10-22T14:56:49.938Z,0,Basic_metrics,VelocityX,Dji
,,1,2022-10-22T14:56:00Z,2022-10-22T14:58:00Z,2022-10-22T14:56:51.27Z,-0.30000001192092896,Basic_metrics,VelocityX,Dji
,,1,2022-10-22T14:56:00Z,2022-10-22T14:58:00Z,2022-10-22T14:56:52.602Z,0.5,Basic_metrics,VelocityX,Dji
,,1,2022-10-22T14:56:00Z,2022-10-22T14:58:00Z,2022-10-22T14:56:53.934Z,-0.10000000149011612,Basic_metrics,VelocityX,Dji
,,1,2022-10-22T14:56:00Z,2022-10-22T14:58:00Z,2022-10-22T14:56:54.933Z,0,Basic_metrics,VelocityX,Dji
,,1,2022-10-22T14:56:00Z,2022-10-22T14:58:00Z,2022-10-22T14:56:56.265Z,0,Basic_metrics,VelocityX,Dji
,,1,2022-10-22T14:56:00Z,2022-10-22T14:58:00Z,2022-10-22T14:56:57.93Z,-0.10000000149011612,Basic_metrics,VelocityX,Dji
,,1,2022-10-22T14:56:00Z,2022-10-22T14:58:00Z,2022-10-22T14:56:59.262Z,0,Basic_metrics,VelocityX,Dji
,,1,2022-10-22T14:56:00Z,2022-10-22T14:58:00Z,2022-10-22T14:57:00.927Z,-4.5,Basic_metrics,VelocityX,Dji
,,1,2022-10-22T14:56:00Z,2022-10-22T14:58:00Z,2022-10-22T14:57:02.259Z,-6.599999904632568,Basic_metrics,VelocityX,Dji
,,1,2022-10-22T14:56:00Z,2022-10-22T14:58:00Z,2022-10-22T14:57:03.591Z,-8.699999809265137,Basic_metrics,VelocityX,Dji
,,1,2022-10-22T14:56:00Z,2022-10-22T14:58:00Z,2022-10-22T14:57:04.59Z,-2.5,Basic_metrics,VelocityX,Dji
,,1,2022-10-22T14:56:00Z,2022-10-22T14:58:00Z,2022-10-22T14:57:05.922Z,0,Basic_metrics,VelocityX,Dji
,,1,2022-10-22T14:56:00Z,2022-10-22T14:58:00Z,2022-10-22T14:57:07.587Z,0,Basic_metrics,VelocityX,Dji
,,1,2022-10-22T14:56:00Z,2022-10-22T14:58:00Z,2022-10-22T14:57:08.919Z,0,Basic_metrics,VelocityX,Dji
,,1,2022-10-22T14:56:00Z,2022-10-22T14:58:00Z,2022-10-22T14:57:09.918Z,0,Basic_metrics,VelocityX,Dji
,,1,2022-10-22T14:56:00Z,2022-10-22T14:58:00Z,2022-10-22T14:57:11.25Z,-0.20000000298023224,Basic_metrics,VelocityX,Dji
,,1,2022-10-22T14:56:00Z,2022-10-22T14:58:00Z,2022-10-22T14:57:12.582Z,0,Basic_metrics,VelocityX,Dji
,,1,2022-10-22T14:56:00Z,2022-10-22T14:58:00Z,2022-10-22T14:57:13.914Z,4,Basic_metrics,VelocityX,Dji
,,1,2022-10-22T14:56:00Z,2022-10-22T14:58:00Z,2022-10-22T14:57:15.246Z,7.099999904632568,Basic_metrics,VelocityX,Dji
,,1,2022-10-22T14:56:00Z,2022-10-22T14:58:00Z,2022-10-22T14:57:16.245Z,9.800000190734863,Basic_metrics,VelocityX,Dji
,,1,2022-10-22T14:56:00Z,2022-10-22T14:58:00Z,2022-10-22T14:57:17.577Z,5.199999809265137,Basic_metrics,VelocityX,Dji
,,1,2022-10-22T14:56:00Z,2022-10-22T14:58:00Z,2022-10-22T14:57:18.909Z,0.10000000149011612,Basic_metrics,VelocityX,Dji
,,1,2022-10-22T14:56:00Z,2022-10-22T14:58:00Z,2022-10-22T14:57:19.908Z,0,Basic_metrics,VelocityX,Dji
,,1,2022-10-22T14:56:00Z,2022-10-22T14:58:00Z,2022-10-22T14:57:21.24Z,0,Basic_metrics,VelocityX,Dji
,,1,2022-10-22T14:56:00Z,2022-10-22T14:58:00Z,2022-10-22T14:57:22.572Z,0,Basic_metrics,VelocityX,Dji
,,2,2022-10-22T14:56:00Z,2022-10-22T14:58:00Z,2022-10-22T14:56:00.654Z,-2.5999999046325684,Basic_metrics,VelocityY,Dji
,,2,2022-10-22T14:56:00Z,2022-10-22T14:58:00Z,2022-10-22T14:56:01.986Z,-2,Basic_metrics,VelocityY,Dji
,,2,2022-10-22T14:56:00Z,2022-10-22T14:58:00Z,2022-10-22T14:56:03.318Z,-1.100000023841858,Basic_metrics,VelocityY,Dji
,,2,2022-10-22T14:56:00Z,2022-10-22T14:58:00Z,2022-10-22T14:56:04.65Z,-0.4000000059604645,Basic_metrics,VelocityY,Dji
,,2,2022-10-22T14:56:00Z,2022-10-22T14:58:00Z,2022-10-22T14:56:05.649Z,0.699999988079071,Basic_metrics,VelocityY,Dji
,,2,2022-10-22T14:56:00Z,2022-10-22T14:58:00Z,2022-10-22T14:56:07.314Z,1.399999976158142,Basic_metrics,VelocityY,Dji
,,2,2022-10-22T14:56:00Z,2022-10-22T14:58:00Z,2022-10-22T14:56:08.979Z,0,Basic_metrics,VelocityY,Dji
,,2,2022-10-22T14:56:00Z,2022-10-22T14:58:00Z,2022-10-22T14:56:09.978Z,-1.2000000476837158,Basic_metrics,VelocityY,Dji
,,2,2022-10-22T14:56:00Z,2022-10-22T14:58:00Z,2022-10-22T14:56:11.31Z,-1.100000023841858,Basic_metrics,VelocityY,Dji
,,2,2022-10-22T14:56:00Z,2022-10-22T14:58:00Z,2022-10-22T14:56:12.642Z,-0.699999988079071,Basic_metrics,VelocityY,Dji
,,2,2022-10-22T14:56:00Z,2022-10-22T14:58:00Z,2022-10-22T14:56:14.64Z,4.199999809265137,Basic_metrics,VelocityY,Dji
,,2,2022-10-22T14:56:00Z,2022-10-22T14:58:00Z,2022-10-22T14:56:15.972Z,-1.600000023841858,Basic_metrics,VelocityY,Dji
,,2,2022-10-22T14:56:00Z,2022-10-22T14:58:00Z,2022-10-22T14:56:17.304Z,-0.10000000149011612,Basic_metrics,VelocityY,Dji
,,2,2022-10-22T14:56:00Z,2022-10-22T14:58:00Z,2022-10-22T14:56:18.636Z,-0.30000001192092896,Basic_metrics,VelocityY,Dji
,,2,2022-10-22T14:56:00Z,2022-10-22T14:58:00Z,2022-10-22T14:56:20.301Z,-1.7999999523162842,Basic_metrics,VelocityY,Dji
,,2,2022-10-22T14:56:00Z,2022-10-22T14:58:00Z,2022-10-22T14:56:21.633Z,1.100000023841858,Basic_metrics,VelocityY,Dji
,,2,2022-10-22T14:56:00Z,2022-10-22T14:58:00Z,2022-10-22T14:56:22.965Z,2.9000000953674316,Basic_metrics,VelocityY,Dji
,,2,2022-10-22T14:56:00Z,2022-10-22T14:58:00Z,2022-10-22T14:56:23.964Z,0.8999999761581421,Basic_metrics,VelocityY,Dji
,,2,2022-10-22T14:56:00Z,2022-10-22T14:58:00Z,2022-10-22T14:56:25.296Z,0.10000000149011612,Basic_metrics,VelocityY,Dji
,,2,2022-10-22T14:56:00Z,2022-10-22T14:58:00Z,2022-10-22T14:56:26.628Z,-0.4000000059604645,Basic_metrics,VelocityY,Dji
,,2,2022-10-22T14:56:00Z,2022-10-22T14:58:00Z,2022-10-22T14:56:28.293Z,0,Basic_metrics,VelocityY,Dji
,,2,2022-10-22T14:56:00Z,2022-10-22T14:58:00Z,2022-10-22T14:56:29.625Z,1.100000023841858,Basic_metrics,VelocityY,Dji
,,2,2022-10-22T14:56:00Z,2022-10-22T14:58:00Z,2022-10-22T14:56:30.624Z,0,Basic_metrics,VelocityY,Dji
,,2,2022-10-22T14:56:00Z,2022-10-22T14:58:00Z,2022-10-22T14:56:32.289Z,0,Basic_metrics,VelocityY,Dji
,,2,2022-10-22T14:56:00Z,2022-10-22T14:58:00Z,2022-10-22T14:56:33.288Z,0,Basic_metrics,VelocityY,Dji
,,2,2022-10-22T14:56:00Z,2022-10-22T14:58:00Z,2022-10-22T14:56:34.62Z,-0.699999988079071,Basic_metrics,VelocityY,Dji
,,2,2022-10-22T14:56:00Z,2022-10-22T14:58:00Z,2022-10-22T14:56:35.952Z,1.7000000476837158,Basic_metrics,VelocityY,Dji
,,2,2022-10-22T14:56:00Z,2022-10-22T14:58:00Z,2022-10-22T14:56:37.284Z,0.699999988079071,Basic_metrics,VelocityY,Dji
,,2,2022-10-22T14:56:00Z,2022-10-22T14:58:00Z,2022-10-22T14:56:38.616Z,1.399999976158142,Basic_metrics,VelocityY,Dji
,,2,2022-10-22T14:56:00Z,2022-10-22T14:58:00Z,2022-10-22T14:56:39.615Z,3.0999999046325684,Basic_metrics,VelocityY,Dji
,,2,2022-10-22T14:56:00Z,2022-10-22T14:58:00Z,2022-10-22T14:56:40.947Z,-1.899999976158142,Basic_metrics,VelocityY,Dji
,,2,2022-10-22T14:56:00Z,2022-10-22T14:58:00Z,2022-10-22T14:56:42.279Z,-4.599999904632568,Basic_metrics,VelocityY,Dji
,,2,2022-10-22T14:56:00Z,2022-10-22T14:58:00Z,2022-10-22T14:56:43.611Z,-0.20000000298023224,Basic_metrics,VelocityY,Dji
,,2,2022-10-22T14:56:00Z,2022-10-22T14:58:00Z,2022-10-22T14:56:44.943Z,-0.20000000298023224,Basic_metrics,VelocityY,Dji
,,2,2022-10-22T14:56:00Z,2022-10-22T14:58:00Z,2022-10-22T14:56:45.942Z,0,Basic_metrics,VelocityY,Dji
,,2,2022-10-22T14:56:00Z,2022-10-22T14:58:00Z,2022-10-22T14:56:47.274Z,0,Basic_metrics,VelocityY,Dji
,,2,2022-10-22T14:56:00Z,2022-10-22T14:58:00Z,2022-10-22T14:56:48.606Z,0,Basic_metrics,VelocityY,Dji
,,2,2022-10-22T14:56:00Z,2022-10-22T14:58:00Z,2022-10-22T14:56:49.938Z,0,Basic_metrics,VelocityY,Dji
,,2,2022-10-22T14:56:00Z,2022-10-22T14:58:00Z,2022-10-22T14:56:51.27Z,1.7999999523162842,Basic_metrics,VelocityY,Dji
,,2,2022-10-22T14:56:00Z,2022-10-22T14:58:00Z,2022-10-22T14:56:52.602Z,-3.299999952316284,Basic_metrics,VelocityY,Dji
,,2,2022-10-22T14:56:00Z,2022-10-22T14:58:00Z,2022-10-22T14:56:53.934Z,1.5,Basic_metrics,VelocityY,Dji
,,2,2022-10-22T14:56:00Z,2022-10-22T14:58:00Z,2022-10-22T14:56:55.266Z,0.800000011920929,Basic_metrics,VelocityY,Dji
,,2,2022-10-22T14:56:00Z,2022-10-22T14:58:00Z,2022-10-22T14:56:56.598Z,0,Basic_metrics,VelocityY,Dji
,,2,2022-10-22T14:56:00Z,2022-10-22T14:58:00Z,2022-10-22T14:56:57.93Z,0,Basic_metrics,VelocityY,Dji
,,2,2022-10-22T14:56:00Z,2022-10-22T14:58:00Z,2022-10-22T14:56:59.595Z,-0.10000000149011612,Basic_metrics,VelocityY,Dji
,,2,2022-10-22T14:56:00Z,2022-10-22T14:58:00Z,2022-10-22T14:57:00.927Z,-0.4000000059604645,Basic_metrics,VelocityY,Dji
,,2,2022-10-22T14:56:00Z,2022-10-22T14:58:00Z,2022-10-22T14:57:02.259Z,-0.5,Basic_metrics,VelocityY,Dji
,,2,2022-10-22T14:56:00Z,2022-10-22T14:58:00Z,2022-10-22T14:57:03.591Z,-0.699999988079071,Basic_metrics,VelocityY,Dji
,,2,2022-10-22T14:56:00Z,2022-10-22T14:58:00Z,2022-10-22T14:57:04.923Z,-0.10000000149011612,Basic_metrics,VelocityY,Dji
,,2,2022-10-22T14:56:00Z,2022-10-22T14:58:00Z,2022-10-22T14:57:05.922Z,0,Basic_metrics,VelocityY,Dji
,,2,2022-10-22T14:56:00Z,2022-10-22T14:58:00Z,2022-10-22T14:57:07.587Z,0,Basic_metrics,VelocityY,Dji
,,2,2022-10-22T14:56:00Z,2022-10-22T14:58:00Z,2022-10-22T14:57:08.919Z,0,Basic_metrics,VelocityY,Dji
,,2,2022-10-22T14:56:00Z,2022-10-22T14:58:00Z,2022-10-22T14:57:09.918Z,0,Basic_metrics,VelocityY,Dji
,,2,2022-10-22T14:56:00Z,2022-10-22T14:58:00Z,2022-10-22T14:57:11.583Z,-0.10000000149011612,Basic_metrics,VelocityY,Dji
,,2,2022-10-22T14:56:00Z,2022-10-22T14:58:00Z,2022-10-22T14:57:12.582Z,0.10000000149011612,Basic_metrics,VelocityY,Dji
,,2,2022-10-22T14:56:00Z,2022-10-22T14:58:00Z,2022-10-22T14:57:13.914Z,0.4000000059604645,Basic_metrics,VelocityY,Dji
,,2,2022-10-22T14:56:00Z,2022-10-22T14:58:00Z,2022-10-22T14:57:15.246Z,0.800000011920929,Basic_metrics,VelocityY,Dji
,,2,2022-10-22T14:56:00Z,2022-10-22T14:58:00Z,2022-10-22T14:57:16.245Z,1.2000000476837158,Basic_metrics,VelocityY,Dji
,,2,2022-10-22T14:56:00Z,2022-10-22T14:58:00Z,2022-10-22T14:57:17.577Z,0.6000000238418579,Basic_metrics,VelocityY,Dji
,,2,2022-10-22T14:56:00Z,2022-10-22T14:58:00Z,2022-10-22T14:57:18.909Z,0,Basic_metrics,VelocityY,Dji
,,2,2022-10-22T14:56:00Z,2022-10-22T14:58:00Z,2022-10-22T14:57:19.908Z,0,Basic_metrics,VelocityY,Dji
,,2,2022-10-22T14:56:00Z,2022-10-22T14:58:00Z,2022-10-22T14:57:21.24Z,0,Basic_metrics,VelocityY,Dji
,,2,2022-10-22T14:56:00Z,2022-10-22T14:58:00Z,2022-10-22T14:57:22.905Z,0,Basic_metrics,VelocityY,Dji
,,3,2022-10-22T14:56:00Z,2022-10-22T14:58:00Z,2022-10-22T14:56:00.654Z,0,Basic_metrics,VelocityZ,Dji
,,3,2022-10-22T14:56:00Z,2022-10-22T14:58:00Z,2022-10-22T14:56:01.986Z,0,Basic_metrics,VelocityZ,Dji
,,3,2022-10-22T14:56:00Z,2022-10-22T14:58:00Z,2022-10-22T14:56:03.318Z,0,Basic_metrics,VelocityZ,Dji
,,3,2022-10-22T14:56:00Z,2022-10-22T14:58:00Z,2022-10-22T14:56:04.65Z,0,Basic_metrics,VelocityZ,Dji
,,3,2022-10-22T14:56:00Z,2022-10-22T14:58:00Z,2022-10-22T14:56:05.649Z,0,Basic_metrics,VelocityZ,Dji
,,3,2022-10-22T14:56:00Z,2022-10-22T14:58:00Z,2022-10-22T14:56:07.314Z,-0.4000000059604645,Basic_metrics,VelocityZ,Dji
,,3,2022-10-22T14:56:00Z,2022-10-22T14:58:00Z,2022-10-22T14:56:08.979Z,0,Basic_metrics,VelocityZ,Dji
,,3,2022-10-22T14:56:00Z,2022-10-22T14:58:00Z,2022-10-22T14:56:09.978Z,0,Basic_metrics,VelocityZ,Dji
,,3,2022-10-22T14:56:00Z,2022-10-22T14:58:00Z,2022-10-22T14:56:11.31Z,2.5999999046325684,Basic_metrics,VelocityZ,Dji
,,3,2022-10-22T14:56:00Z,2022-10-22T14:58:00Z,2022-10-22T14:56:12.642Z,0,Basic_metrics,VelocityZ,Dji
,,3,2022-10-22T14:56:00Z,2022-10-22T14:58:00Z,2022-10-22T14:56:14.64Z,0,Basic_metrics,VelocityZ,Dji
,,3,2022-10-22T14:56:00Z,2022-10-22T14:58:00Z,2022-10-22T14:56:15.972Z,0,Basic_metrics,VelocityZ,Dji
,,3,2022-10-22T14:56:00Z,2022-10-22T14:58:00Z,2022-10-22T14:56:17.304Z,-2.9000000953674316,Basic_metrics,VelocityZ,Dji
,,3,2022-10-22T14:56:00Z,2022-10-22T14:58:00Z,2022-10-22T14:56:18.636Z,2.5999999046325684,Basic_metrics,VelocityZ,Dji
,,3,2022-10-22T14:56:00Z,2022-10-22T14:58:00Z,2022-10-22T14:56:20.301Z,-0.20000000298023224,Basic_metrics,VelocityZ,Dji
,,3,2022-10-22T14:56:00Z,2022-10-22T14:58:00Z,2022-10-22T14:56:21.633Z,-0.20000000298023224,Basic_metrics,VelocityZ,Dji
,,3,2022-10-22T14:56:00Z,2022-10-22T14:58:00Z,2022-10-22T14:56:22.965Z,-0.20000000298023224,Basic_metrics,VelocityZ,Dji
,,3,2022-10-22T14:56:00Z,2022-10-22T14:58:00Z,2022-10-22T14:56:23.964Z,-0.699999988079071,Basic_metrics,VelocityZ,Dji
,,3,2022-10-22T14:56:00Z,2022-10-22T14:58:00Z,2022-10-22T14:56:25.296Z,2.9000000953674316,Basic_metrics,VelocityZ,Dji
,,3,2022-10-22T14:56:00Z,2022-10-22T14:58:00Z,2022-10-22T14:56:26.961Z,0,Basic_metrics,VelocityZ,Dji
,,3,2022-10-22T14:56:00Z,2022-10-22T14:58:00Z,2022-10-22T14:56:28.293Z,0,Basic_metrics,VelocityZ,Dji
,,3,2022-10-22T14:56:00Z,2022-10-22T14:58:00Z,2022-10-22T14:56:29.625Z,0.6000000238418579,Basic_metrics,VelocityZ,Dji
,,3,2022-10-22T14:56:00Z,2022-10-22T14:58:00Z,2022-10-22T14:56:30.624Z,0.30000001192092896,Basic_metrics,VelocityZ,Dji
,,3,2022-10-22T14:56:00Z,2022-10-22T14:58:00Z,2022-10-22T14:56:32.289Z,0.10000000149011612,Basic_metrics,VelocityZ,Dji
,,3,2022-10-22T14:56:00Z,2022-10-22T14:58:00Z,2022-10-22T14:56:33.288Z,0,Basic_metrics,VelocityZ,Dji
,,3,2022-10-22T14:56:00Z,2022-10-22T14:58:00Z,2022-10-22T14:56:34.62Z,0,Basic_metrics,VelocityZ,Dji
,,3,2022-10-22T14:56:00Z,2022-10-22T14:58:00Z,2022-10-22T14:56:36.285Z,0,Basic_metrics,VelocityZ,Dji
,,3,2022-10-22T14:56:00Z,2022-10-22T14:58:00Z,2022-10-22T14:56:37.284Z,0,Basic_metrics,VelocityZ,Dji
,,3,2022-10-22T14:56:00Z,2022-10-22T14:58:00Z,2022-10-22T14:56:38.616Z,0,Basic_metrics,VelocityZ,Dji
,,3,2022-10-22T14:56:00Z,2022-10-22T14:58:00Z,2022-10-22T14:56:39.948Z,0,Basic_metrics,VelocityZ,Dji
,,3,2022-10-22T14:56:00Z,2022-10-22T14:58:00Z,2022-10-22T14:56:40.947Z,0,Basic_metrics,VelocityZ,Dji
,,3,2022-10-22T14:56:00Z,2022-10-22T14:58:00Z,2022-10-22T14:56:42.279Z,0,Basic_metrics,VelocityZ,Dji
,,3,2022-10-22T14:56:00Z,2022-10-22T14:58:00Z,2022-10-22T14:56:43.611Z,0,Basic_metrics,VelocityZ,Dji
,,3,2022-10-22T14:56:00Z,2022-10-22T14:58:00Z,2022-10-22T14:56:44.943Z,0,Basic_metrics,VelocityZ,Dji
,,3,2022-10-22T14:56:00Z,2022-10-22T14:58:00Z,2022-10-22T14:56:45.942Z,-1.100000023841858,Basic_metrics,VelocityZ,Dji
,,3,2022-10-22T14:56:00Z,2022-10-22T14:58:00Z,2022-10-22T14:56:47.274Z,-0.30000001192092896,Basic_metrics,VelocityZ,Dji
,,3,2022-10-22T14:56:00Z,2022-10-22T14:58:00Z,2022-10-22T14:56:48.606Z,-1.5,Basic_metrics,VelocityZ,Dji
,,3,2022-10-22T14:56:00Z,2022-10-22T14:58:00Z,2022-10-22T14:56:49.938Z,2.5999999046325684,Basic_metrics,VelocityZ,Dji
,,3,2022-10-22T14:56:00Z,2022-10-22T14:58:00Z,2022-10-22T14:56:51.27Z,0,Basic_metrics,VelocityZ,Dji
,,3,2022-10-22T14:56:00Z,2022-10-22T14:58:00Z,2022-10-22T14:56:52.602Z,0,Basic_metrics,VelocityZ,Dji
,,3,2022-10-22T14:56:00Z,2022-10-22T14:58:00Z,2022-10-22T14:56:53.934Z,0.10000000149011612,Basic_metrics,VelocityZ,Dji
,,3,2022-10-22T14:56:00Z,2022-10-22T14:58:00Z,2022-10-22T14:56:55.266Z,-2.5,Basic_metrics,VelocityZ,Dji
,,3,2022-10-22T14:56:00Z,2022-10-22T14:58:00Z,2022-10-22T14:56:56.598Z,-2,Basic_metrics,VelocityZ,Dji
,,3,2022-10-22T14:56:00Z,2022-10-22T14:58:00Z,2022-10-22T14:56:57.93Z,2.700000047683716,Basic_metrics,VelocityZ,Dji
,,3,2022-10-22T14:56:00Z,2022-10-22T14:58:00Z,2022-10-22T14:56:59.928Z,0.20000000298023224,Basic_metrics,VelocityZ,Dji
,,3,2022-10-22T14:56:00Z,2022-10-22T14:58:00Z,2022-10-22T14:57:01.26Z,-2.200000047683716,Basic_metrics,VelocityZ,Dji
,,3,2022-10-22T14:56:00Z,2022-10-22T14:58:00Z,2022-10-22T14:57:02.259Z,0,Basic_metrics,VelocityZ,Dji
,,3,2022-10-22T14:56:00Z,2022-10-22T14:58:00Z,2022-10-22T14:57:03.591Z,-3.299999952316284,Basic_metrics,VelocityZ,Dji
,,3,2022-10-22T14:56:00Z,2022-10-22T14:58:00Z,2022-10-22T14:57:04.923Z,-3.5,Basic_metrics,VelocityZ,Dji
,,3,2022-10-22T14:56:00Z,2022-10-22T14:58:00Z,2022-10-22T14:57:05.922Z,-3.200000047683716,Basic_metrics,VelocityZ,Dji
,,3,2022-10-22T14:56:00Z,2022-10-22T14:58:00Z,2022-10-22T14:57:07.587Z,-5.599999904632568,Basic_metrics,VelocityZ,Dji
,,3,2022-10-22T14:56:00Z,2022-10-22T14:58:00Z,2022-10-22T14:57:08.919Z,-2.299999952316284,Basic_metrics,VelocityZ,Dji
,,3,2022-10-22T14:56:00Z,2022-10-22T14:58:00Z,2022-10-22T14:57:09.918Z,3,Basic_metrics,VelocityZ,Dji
,,3,2022-10-22T14:56:00Z,2022-10-22T14:58:00Z,2022-10-22T14:57:11.583Z,5.900000095367432,Basic_metrics,VelocityZ,Dji
,,3,2022-10-22T14:56:00Z,2022-10-22T14:58:00Z,2022-10-22T14:57:12.582Z,5.699999809265137,Basic_metrics,VelocityZ,Dji
,,3,2022-10-22T14:56:00Z,2022-10-22T14:58:00Z,2022-10-22T14:57:13.914Z,0.20000000298023224,Basic_metrics,VelocityZ,Dji
,,3,2022-10-22T14:56:00Z,2022-10-22T14:58:00Z,2022-10-22T14:57:15.246Z,0,Basic_metrics,VelocityZ,Dji
,,3,2022-10-22T14:56:00Z,2022-10-22T14:58:00Z,2022-10-22T14:57:16.245Z,-0.20000000298023224,Basic_metrics,VelocityZ,Dji
,,3,2022-10-22T14:56:00Z,2022-10-22T14:58:00Z,2022-10-22T14:57:17.577Z,3.700000047683716,Basic_metrics,VelocityZ,Dji
,,3,2022-10-22T14:56:00Z,2022-10-22T14:58:00Z,2022-10-22T14:57:18.909Z,1.899999976158142,Basic_metrics,VelocityZ,Dji
,,3,2022-10-22T14:56:00Z,2022-10-22T14:58:00Z,2022-10-22T14:57:20.241Z,0,Basic_metrics,VelocityZ,Dji
,,3,2022-10-22T14:56:00Z,2022-10-22T14:58:00Z,2022-10-22T14:57:21.24Z,0,Basic_metrics,VelocityZ,Dji
,,3,2022-10-22T14:56:00Z,2022-10-22T14:58:00Z,2022-10-22T14:57:22.905Z,0,Basic_metrics,VelocityZ,Dji
,,4,2022-10-22T14:56:00Z,2022-10-22T14:58:00Z,2022-10-22T14:56:00.654Z,-8695,Battery_metrics," Battery_current",Dji
,,4,2022-10-22T14:56:00Z,2022-10-22T14:58:00Z,2022-10-22T14:56:01.986Z,-7809,Battery_metrics," Battery_current",Dji
,,4,2022-10-22T14:56:00Z,2022-10-22T14:58:00Z,2022-10-22T14:56:03.318Z,-7809,Battery_metrics," Battery_current",Dji
,,4,2022-10-22T14:56:00Z,2022-10-22T14:58:00Z,2022-10-22T14:56:04.65Z,-7394,Battery_metrics," Battery_current",Dji
,,4,2022-10-22T14:56:00Z,2022-10-22T14:58:00Z,2022-10-22T14:56:05.982Z,-8190,Battery_metrics," Battery_current",Dji
,,4,2022-10-22T14:56:00Z,2022-10-22T14:58:00Z,2022-10-22T14:56:07.314Z,-10848,Battery_metrics," Battery_current",Dji
,,4,2022-10-22T14:56:00Z,2022-10-22T14:58:00Z,2022-10-22T14:56:08.979Z,-8872,Battery_metrics," Battery_current",Dji
,,4,2022-10-22T14:56:00Z,2022-10-22T14:58:00Z,2022-10-22T14:56:09.978Z,-8872,Battery_metrics," Battery_current",Dji
,,4,2022-10-22T14:56:00Z,2022-10-22T14:58:00Z,2022-10-22T14:56:11.31Z,-7400,Battery_metrics," Battery_current",Dji
,,4,2022-10-22T14:56:00Z,2022-10-22T14:58:00Z,2022-10-22T14:56:12.642Z,-4828,Battery_metrics," Battery_current",Dji
,,4,2022-10-22T14:56:00Z,2022-10-22T14:58:00Z,2022-10-22T14:56:14.64Z,-11428,Battery_metrics," Battery_current",Dji
,,4,2022-10-22T14:56:00Z,2022-10-22T14:58:00Z,2022-10-22T14:56:15.972Z,-8464,Battery_metrics," Battery_current",Dji
,,4,2022-10-22T14:56:00Z,2022-10-22T14:58:00Z,2022-10-22T14:56:17.304Z,-8464,Battery_metrics," Battery_current",Dji
,,4,2022-10-22T14:56:00Z,2022-10-22T14:58:00Z,2022-10-22T14:56:18.636Z,-9369,Battery_metrics," Battery_current",Dji
,,4,2022-10-22T14:56:00Z,2022-10-22T14:58:00Z,2022-10-22T14:56:20.301Z,-3685,Battery_metrics," Battery_current",Dji
,,4,2022-10-22T14:56:00Z,2022-10-22T14:58:00Z,2022-10-22T14:56:21.633Z,-7673,Battery_metrics," Battery_current",Dji
,,4,2022-10-22T14:56:00Z,2022-10-22T14:58:00Z,2022-10-22T14:56:22.965Z,-11850,Battery_metrics," Battery_current",Dji
,,4,2022-10-22T14:56:00Z,2022-10-22T14:58:00Z,2022-10-22T14:56:23.964Z,-11850,Battery_metrics," Battery_current",Dji
,,4,2022-10-22T14:56:00Z,2022-10-22T14:58:00Z,2022-10-22T14:56:25.296Z,-12210,Battery_metrics," Battery_current",Dji
,,4,2022-10-22T14:56:00Z,2022-10-22T14:58:00Z,2022-10-22T14:56:26.961Z,-4474,Battery_metrics," Battery_current",Dji
,,4,2022-10-22T14:56:00Z,2022-10-22T14:58:00Z,2022-10-22T14:56:28.293Z,-11424,Battery_metrics," Battery_current",Dji
,,4,2022-10-22T14:56:00Z,2022-10-22T14:58:00Z,2022-10-22T14:56:29.625Z,-7988,Battery_metrics," Battery_current",Dji
,,4,2022-10-22T14:56:00Z,2022-10-22T14:58:00Z,2022-10-22T14:56:30.957Z,-8645,Battery_metrics," Battery_current",Dji
,,4,2022-10-22T14:56:00Z,2022-10-22T14:58:00Z,2022-10-22T14:56:32.289Z,-8645,Battery_metrics," Battery_current",Dji
,,4,2022-10-22T14:56:00Z,2022-10-22T14:58:00Z,2022-10-22T14:56:33.288Z,-6956,Battery_metrics," Battery_current",Dji
,,4,2022-10-22T14:56:00Z,2022-10-22T14:58:00Z,2022-10-22T14:56:34.62Z,-6991,Battery_metrics," Battery_current",Dji
,,4,2022-10-22T14:56:00Z,2022-10-22T14:58:00Z,2022-10-22T14:56:36.285Z,-7098,Battery_metrics," Battery_current",Dji
,,4,2022-10-22T14:56:00Z,2022-10-22T14:58:00Z,2022-10-22T14:56:37.284Z,-7626,Battery_metrics," Battery_current",Dji
,,4,2022-10-22T14:56:00Z,2022-10-22T14:58:00Z,2022-10-22T14:56:38.616Z,-7494,Battery_metrics," Battery_current",Dji
,,4,2022-10-22T14:56:00Z,2022-10-22T14:58:00Z,2022-10-22T14:56:39.948Z,-7527,Battery_metrics," Battery_current",Dji
,,4,2022-10-22T14:56:00Z,2022-10-22T14:58:00Z,2022-10-22T14:56:40.947Z,-7997,Battery_metrics," Battery_current",Dji
,,4,2022-10-22T14:56:00Z,2022-10-22T14:58:00Z,2022-10-22T14:56:42.279Z,-7997,Battery_metrics," Battery_current",Dji
,,4,2022-10-22T14:56:00Z,2022-10-22T14:58:00Z,2022-10-22T14:56:43.611Z,-7408,Battery_metrics," Battery_current",Dji
,,4,2022-10-22T14:56:00Z,2022-10-22T14:58:00Z,2022-10-22T14:56:44.943Z,-7314,Battery_metrics," Battery_current",Dji
,,4,2022-10-22T14:56:00Z,2022-10-22T14:58:00Z,2022-10-22T14:56:46.275Z,-7314,Battery_metrics," Battery_current",Dji
,,4,2022-10-22T14:56:00Z,2022-10-22T14:58:00Z,2022-10-22T14:56:47.274Z,-7431,Battery_metrics," Battery_current",Dji
,,4,2022-10-22T14:56:00Z,2022-10-22T14:58:00Z,2022-10-22T14:56:48.606Z,-6610,Battery_metrics," Battery_current",Dji
,,4,2022-10-22T14:56:00Z,2022-10-22T14:58:00Z,2022-10-22T14:56:49.938Z,-7356,Battery_metrics," Battery_current",Dji
,,4,2022-10-22T14:56:00Z,2022-10-22T14:58:00Z,2022-10-22T14:56:51.27Z,-7953,Battery_metrics," Battery_current",Dji
,,4,2022-10-22T14:56:00Z,2022-10-22T14:58:00Z,2022-10-22T14:56:52.602Z,-9469,Battery_metrics," Battery_current",Dji
,,4,2022-10-22T14:56:00Z,2022-10-22T14:58:00Z,2022-10-22T14:56:53.934Z,-7983,Battery_metrics," Battery_current",Dji
,,4,2022-10-22T14:56:00Z,2022-10-22T14:58:00Z,2022-10-22T14:56:55.266Z,-7983,Battery_metrics," Battery_current",Dji
,,4,2022-10-22T14:56:00Z,2022-10-22T14:58:00Z,2022-10-22T14:56:56.931Z,-7978,Battery_metrics," Battery_current",Dji
,,4,2022-10-22T14:56:00Z,2022-10-22T14:58:00Z,2022-10-22T14:56:58.263Z,-7978,Battery_metrics," Battery_current",Dji
,,4,2022-10-22T14:56:00Z,2022-10-22T14:58:00Z,2022-10-22T14:56:59.928Z,-8609,Battery_metrics," Battery_current",Dji
,,4,2022-10-22T14:56:00Z,2022-10-22T14:58:00Z,2022-10-22T14:57:01.26Z,-8461,Battery_metrics," Battery_current",Dji
,,4,2022-10-22T14:56:00Z,2022-10-22T14:58:00Z,2022-10-22T14:57:02.259Z,-12897,Battery_metrics," Battery_current",Dji
,,4,2022-10-22T14:56:00Z,2022-10-22T14:58:00Z,2022-10-22T14:57:03.591Z,-6030,Battery_metrics," Battery_current",Dji
,,4,2022-10-22T14:56:00Z,2022-10-22T14:58:00Z,2022-10-22T14:57:04.923Z,-7438,Battery_metrics," Battery_current",Dji
,,4,2022-10-22T14:56:00Z,2022-10-22T14:58:00Z,2022-10-22T14:57:06.588Z,-15835,Battery_metrics," Battery_current",Dji
,,4,2022-10-22T14:56:00Z,2022-10-22T14:58:00Z,2022-10-22T14:57:07.92Z,-4791,Battery_metrics," Battery_current",Dji
,,4,2022-10-22T14:56:00Z,2022-10-22T14:58:00Z,2022-10-22T14:57:08.919Z,-10615,Battery_metrics," Battery_current",Dji
,,4,2022-10-22T14:56:00Z,2022-10-22T14:58:00Z,2022-10-22T14:57:10.251Z,-10615,Battery_metrics," Battery_current",Dji
,,4,2022-10-22T14:56:00Z,2022-10-22T14:58:00Z,2022-10-22T14:57:11.583Z,-3137,Battery_metrics," Battery_current",Dji
,,4,2022-10-22T14:56:00Z,2022-10-22T14:58:00Z,2022-10-22T14:57:12.582Z,-4921,Battery_metrics," Battery_current",Dji
,,4,2022-10-22T14:56:00Z,2022-10-22T14:58:00Z,2022-10-22T14:57:13.914Z,-12851,Battery_metrics," Battery_current",Dji
,,4,2022-10-22T14:56:00Z,2022-10-22T14:58:00Z,2022-10-22T14:57:15.246Z,-9366,Battery_metrics," Battery_current",Dji
,,4,2022-10-22T14:56:00Z,2022-10-22T14:58:00Z,2022-10-22T14:57:16.245Z,-8108,Battery_metrics," Battery_current",Dji
,,4,2022-10-22T14:56:00Z,2022-10-22T14:58:00Z,2022-10-22T14:57:17.91Z,-7677,Battery_metrics," Battery_current",Dji
,,4,2022-10-22T14:56:00Z,2022-10-22T14:58:00Z,2022-10-22T14:57:18.909Z,-10066,Battery_metrics," Battery_current",Dji
,,4,2022-10-22T14:56:00Z,2022-10-22T14:58:00Z,2022-10-22T14:57:20.241Z,-10066,Battery_metrics," Battery_current",Dji
,,4,2022-10-22T14:56:00Z,2022-10-22T14:58:00Z,2022-10-22T14:57:21.573Z,-8021,Battery_metrics," Battery_current",Dji
,,4,2022-10-22T14:56:00Z,2022-10-22T14:58:00Z,2022-10-22T14:57:22.905Z,-6710,Battery_metrics," Battery_current",Dji
,,5,2022-10-22T14:56:00Z,2022-10-22T14:58:00Z,2022-10-22T14:56:00.654Z,75,Battery_metrics,Battery_percentage,Dji
,,5,2022-10-22T14:56:00Z,2022-10-22T14:58:00Z,2022-10-22T14:56:01.986Z,75,Battery_metrics,Battery_percentage,Dji
,,5,2022-10-22T14:56:00Z,2022-10-22T14:58:00Z,2022-10-22T14:56:03.318Z,75,Battery_metrics,Battery_percentage,Dji
,,5,2022-10-22T14:56:00Z,2022-10-22T14:58:00Z,2022-10-22T14:56:04.65Z,75,Battery_metrics,Battery_percentage,Dji
,,5,2022-10-22T14:56:00Z,2022-10-22T14:58:00Z,2022-10-22T14:56:05.982Z,75,Battery_metrics,Battery_percentage,Dji
,,5,2022-10-22T14:56:00Z,2022-10-22T14:58:00Z,2022-10-22T14:56:07.314Z,75,Battery_metrics,Battery_percentage,Dji
,,5,2022-10-22T14:56:00Z,2022-10-22T14:58:00Z,2022-10-22T14:56:08.979Z,75,Battery_metrics,Battery_percentage,Dji
,,5,2022-10-22T14:56:00Z,2022-10-22T14:58:00Z,2022-10-22T14:56:09.978Z,75,Battery_metrics,Battery_percentage,Dji
,,5,2022-10-22T14:56:00Z,2022-10-22T14:58:00Z,2022-10-22T14:56:11.31Z,75,Battery_metrics,Battery_percentage,Dji
,,5,2022-10-22T14:56:00Z,2022-10-22T14:58:00Z,2022-10-22T14:56:12.642Z,75,Battery_metrics,Battery_percentage,Dji
,,5,2022-10-22T14:56:00Z,2022-10-22T14:58:00Z,2022-10-22T14:56:14.64Z,75,Battery_metrics,Battery_percentage,Dji
,,5,2022-10-22T14:56:00Z,2022-10-22T14:58:00Z,2022-10-22T14:56:15.972Z,74,Battery_metrics,Battery_percentage,Dji
,,5,2022-10-22T14:56:00Z,2022-10-22T14:58:00Z,2022-10-22T14:56:17.304Z,74,Battery_metrics,Battery_percentage,Dji
,,5,2022-10-22T14:56:00Z,2022-10-22T14:58:00Z,2022-10-22T14:56:18.636Z,74,Battery_metrics,Battery_percentage,Dji
,,5,2022-10-22T14:56:00Z,2022-10-22T14:58:00Z,2022-10-22T14:56:20.301Z,74,Battery_metrics,Battery_percentage,Dji
,,5,2022-10-22T14:56:00Z,2022-10-22T14:58:00Z,2022-10-22T14:56:21.633Z,74,Battery_metrics,Battery_percentage,Dji
,,5,2022-10-22T14:56:00Z,2022-10-22T14:58:00Z,2022-10-22T14:56:22.965Z,74,Battery_metrics,Battery_percentage,Dji
,,5,2022-10-22T14:56:00Z,2022-10-22T14:58:00Z,2022-10-22T14:56:23.964Z,74,Battery_metrics,Battery_percentage,Dji
,,5,2022-10-22T14:56:00Z,2022-10-22T14:58:00Z,2022-10-22T14:56:25.296Z,74,Battery_metrics,Battery_percentage,Dji
,,5,2022-10-22T14:56:00Z,2022-10-22T14:58:00Z,2022-10-22T14:56:26.961Z,74,Battery_metrics,Battery_percentage,Dji
,,5,2022-10-22T14:56:00Z,2022-10-22T14:58:00Z,2022-10-22T14:56:28.293Z,74,Battery_metrics,Battery_percentage,Dji
,,5,2022-10-22T14:56:00Z,2022-10-22T14:58:00Z,2022-10-22T14:56:29.625Z,73,Battery_metrics,Battery_percentage,Dji
,,5,2022-10-22T14:56:00Z,2022-10-22T14:58:00Z,2022-10-22T14:56:30.957Z,73,Battery_metrics,Battery_percentage,Dji
,,5,2022-10-22T14:56:00Z,2022-10-22T14:58:00Z,2022-10-22T14:56:32.289Z,73,Battery_metrics,Battery_percentage,Dji
,,5,2022-10-22T14:56:00Z,2022-10-22T14:58:00Z,2022-10-22T14:56:33.288Z,73,Battery_metrics,Battery_percentage,Dji
,,5,2022-10-22T14:56:00Z,2022-10-22T14:58:00Z,2022-10-22T14:56:34.62Z,73,Battery_metrics,Battery_percentage,Dji
,,5,2022-10-22T14:56:00Z,2022-10-22T14:58:00Z,2022-10-22T14:56:36.285Z,73,Battery_metrics,Battery_percentage,Dji
,,5,2022-10-22T14:56:00Z,2022-10-22T14:58:00Z,2022-10-22T14:56:37.284Z,73,Battery_metrics,Battery_percentage,Dji
,,5,2022-10-22T14:56:00Z,2022-10-22T14:58:00Z,2022-10-22T14:56:38.616Z,73,Battery_metrics,Battery_percentage,Dji
,,5,2022-10-22T14:56:00Z,2022-10-22T14:58:00Z,2022-10-22T14:56:39.948Z,73,Battery_metrics,Battery_percentage,Dji
,,5,2022-10-22T14:56:00Z,2022-10-22T14:58:00Z,2022-10-22T14:56:40.947Z,73,Battery_metrics,Battery_percentage,Dji
,,5,2022-10-22T14:56:00Z,2022-10-22T14:58:00Z,2022-10-22T14:56:42.279Z,73,Battery_metrics,Battery_percentage,Dji
,,5,2022-10-22T14:56:00Z,2022-10-22T14:58:00Z,2022-10-22T14:56:43.611Z,73,Battery_metrics,Battery_percentage,Dji
,,5,2022-10-22T14:56:00Z,2022-10-22T14:58:00Z,2022-10-22T14:56:44.943Z,72,Battery_metrics,Battery_percentage,Dji
,,5,2022-10-22T14:56:00Z,2022-10-22T14:58:00Z,2022-10-22T14:56:46.275Z,72,Battery_metrics,Battery_percentage,Dji
,,5,2022-10-22T14:56:00Z,2022-10-22T14:58:00Z,2022-10-22T14:56:47.274Z,72,Battery_metrics,Battery_percentage,Dji
,,5,2022-10-22T14:56:00Z,2022-10-22T14:58:00Z,2022-10-22T14:56:48.606Z,72,Battery_metrics,Battery_percentage,Dji
,,5,2022-10-22T14:56:00Z,2022-10-22T14:58:00Z,2022-10-22T14:56:49.938Z,72,Battery_metrics,Battery_percentage,Dji
,,5,2022-10-22T14:56:00Z,2022-10-22T14:58:00Z,2022-10-22T14:56:51.27Z,72,Battery_metrics,Battery_percentage,Dji
,,5,2022-10-22T14:56:00Z,2022-10-22T14:58:00Z,2022-10-22T14:56:52.602Z,72,Battery_metrics,Battery_percentage,Dji
,,5,2022-10-22T14:56:00Z,2022-10-22T14:58:00Z,2022-10-22T14:56:53.934Z,72,Battery_metrics,Battery_percentage,Dji
,,5,2022-10-22T14:56:00Z,2022-10-22T14:58:00Z,2022-10-22T14:56:55.266Z,72,Battery_metrics,Battery_percentage,Dji
,,5,2022-10-22T14:56:00Z,2022-10-22T14:58:00Z,2022-10-22T14:56:56.931Z,72,Battery_metrics,Battery_percentage,Dji
,,5,2022-10-22T14:56:00Z,2022-10-22T14:58:00Z,2022-10-22T14:56:58.263Z,72,Battery_metrics,Battery_percentage,Dji
,,5,2022-10-22T14:56:00Z,2022-10-22T14:58:00Z,2022-10-22T14:56:59.928Z,72,Battery_metrics,Battery_percentage,Dji
,,5,2022-10-22T14:56:00Z,2022-10-22T14:58:00Z,2022-10-22T14:57:01.26Z,71,Battery_metrics,Battery_percentage,Dji
,,5,2022-10-22T14:56:00Z,2022-10-22T14:58:00Z,2022-10-22T14:57:02.259Z,71,Battery_metrics,Battery_percentage,Dji
,,5,2022-10-22T14:56:00Z,2022-10-22T14:58:00Z,2022-10-22T14:57:03.591Z,71,Battery_metrics,Battery_percentage,Dji
,,5,2022-10-22T14:56:00Z,2022-10-22T14:58:00Z,2022-10-22T14:57:04.923Z,71,Battery_metrics,Battery_percentage,Dji
,,5,2022-10-22T14:56:00Z,2022-10-22T14:58:00Z,2022-10-22T14:57:06.255Z,71,Battery_metrics,Battery_percentage,Dji
,,5,2022-10-22T14:56:00Z,2022-10-22T14:58:00Z,2022-10-22T14:57:07.587Z,71,Battery_metrics,Battery_percentage,Dji
,,5,2022-10-22T14:56:00Z,2022-10-22T14:58:00Z,2022-10-22T14:57:08.919Z,71,Battery_metrics,Battery_percentage,Dji
,,5,2022-10-22T14:56:00Z,2022-10-22T14:58:00Z,2022-10-22T14:57:10.251Z,71,Battery_metrics,Battery_percentage,Dji
,,5,2022-10-22T14:56:00Z,2022-10-22T14:58:00Z,2022-10-22T14:57:11.583Z,71,Battery_metrics,Battery_percentage,Dji
,,5,2022-10-22T14:56:00Z,2022-10-22T14:58:00Z,2022-10-22T14:57:12.582Z,71,Battery_metrics,Battery_percentage,Dji
,,5,2022-10-22T14:56:00Z,2022-10-22T14:58:00Z,2022-10-22T14:57:13.914Z,70,Battery_metrics,Battery_percentage,Dji
,,5,2022-10-22T14:56:00Z,2022-10-22T14:58:00Z,2022-10-22T14:57:15.246Z,70,Battery_metrics,Battery_percentage,Dji
,,5,2022-10-22T14:56:00Z,2022-10-22T14:58:00Z,2022-10-22T14:57:16.245Z,70,Battery_metrics,Battery_percentage,Dji
,,5,2022-10-22T14:56:00Z,2022-10-22T14:58:00Z,2022-10-22T14:57:17.91Z,70,Battery_metrics,Battery_percentage,Dji
,,5,2022-10-22T14:56:00Z,2022-10-22T14:58:00Z,2022-10-22T14:57:18.909Z,70,Battery_metrics,Battery_percentage,Dji
,,5,2022-10-22T14:56:00Z,2022-10-22T14:58:00Z,2022-10-22T14:57:20.241Z,70,Battery_metrics,Battery_percentage,Dji
,,5,2022-10-22T14:56:00Z,2022-10-22T14:58:00Z,2022-10-22T14:57:21.573Z,70,Battery_metrics,Battery_percentage,Dji
,,5,2022-10-22T14:56:00Z,2022-10-22T14:58:00Z,2022-10-22T14:57:22.905Z,70,Battery_metrics,Battery_percentage,Dji
,,6,2022-10-22T14:56:00Z,2022-10-22T14:58:00Z,2022-10-22T14:56:00.654Z,11714,Battery_metrics,Battery_voltage,Dji
,,6,2022-10-22T14:56:00Z,2022-10-22T14:58:00Z,2022-10-22T14:56:01.986Z,11734,Battery_metrics,Battery_voltage,Dji
,,6,2022-10-22T14:56:00Z,2022-10-22T14:58:00Z,2022-10-22T14:56:03.318Z,11734,Battery_metrics,Battery_voltage,Dji
,,6,2022-10-22T14:56:00Z,2022-10-22T14:58:00Z,2022-10-22T14:56:04.65Z,11721,Battery_metrics,Battery_voltage,Dji
,,6,2022-10-22T14:56:00Z,2022-10-22T14:58:00Z,2022-10-22T14:56:05.982Z,11640,Battery_metrics,Battery_voltage,Dji
,,6,2022-10-22T14:56:00Z,2022-10-22T14:58:00Z,2022-10-22T14:56:07.314Z,11465,Battery_metrics,Battery_voltage,Dji
,,6,2022-10-22T14:56:00Z,2022-10-22T14:58:00Z,2022-10-22T14:56:08.979Z,11676,Battery_metrics,Battery_voltage,Dji
,,6,2022-10-22T14:56:00Z,2022-10-22T14:58:00Z,2022-10-22T14:56:09.978Z,11676,Battery_metrics,Battery_voltage,Dji
,,6,2022-10-22T14:56:00Z,2022-10-22T14:58:00Z,2022-10-22T14:56:11.31Z,11711,Battery_metrics,Battery_voltage,Dji
,,6,2022-10-22T14:56:00Z,2022-10-22T14:58:00Z,2022-10-22T14:56:12.642Z,11865,Battery_metrics,Battery_voltage,Dji
,,6,2022-10-22T14:56:00Z,2022-10-22T14:58:00Z,2022-10-22T14:56:14.64Z,11628,Battery_metrics,Battery_voltage,Dji
,,6,2022-10-22T14:56:00Z,2022-10-22T14:58:00Z,2022-10-22T14:56:15.972Z,11657,Battery_metrics,Battery_voltage,Dji
,,6,2022-10-22T14:56:00Z,2022-10-22T14:58:00Z,2022-10-22T14:56:17.304Z,11657,Battery_metrics,Battery_voltage,Dji
,,6,2022-10-22T14:56:00Z,2022-10-22T14:58:00Z,2022-10-22T14:56:18.636Z,11757,Battery_metrics,Battery_voltage,Dji
,,6,2022-10-22T14:56:00Z,2022-10-22T14:58:00Z,2022-10-22T14:56:20.301Z,11843,Battery_metrics,Battery_voltage,Dji
,,6,2022-10-22T14:56:00Z,2022-10-22T14:58:00Z,2022-10-22T14:56:21.633Z,11808,Battery_metrics,Battery_voltage,Dji
,,6,2022-10-22T14:56:00Z,2022-10-22T14:58:00Z,2022-10-22T14:56:22.965Z,11679,Battery_metrics,Battery_voltage,Dji
,,6,2022-10-22T14:56:00Z,2022-10-22T14:58:00Z,2022-10-22T14:56:23.964Z,11679,Battery_metrics,Battery_voltage,Dji
,,6,2022-10-22T14:56:00Z,2022-10-22T14:58:00Z,2022-10-22T14:56:25.296Z,11687,Battery_metrics,Battery_voltage,Dji
,,6,2022-10-22T14:56:00Z,2022-10-22T14:58:00Z,2022-10-22T14:56:26.961Z,11767,Battery_metrics,Battery_voltage,Dji
,,6,2022-10-22T14:56:00Z,2022-10-22T14:58:00Z,2022-10-22T14:56:28.293Z,11633,Battery_metrics,Battery_voltage,Dji
,,6,2022-10-22T14:56:00Z,2022-10-22T14:58:00Z,2022-10-22T14:56:29.625Z,11661,Battery_metrics,Battery_voltage,Dji
,,6,2022-10-22T14:56:00Z,2022-10-22T14:58:00Z,2022-10-22T14:56:30.957Z,11503,Battery_metrics,Battery_voltage,Dji
,,6,2022-10-22T14:56:00Z,2022-10-22T14:58:00Z,2022-10-22T14:56:32.289Z,11503,Battery_metrics,Battery_voltage,Dji
,,6,2022-10-22T14:56:00Z,2022-10-22T14:58:00Z,2022-10-22T14:56:33.621Z,11683,Battery_metrics,Battery_voltage,Dji
,,6,2022-10-22T14:56:00Z,2022-10-22T14:58:00Z,2022-10-22T14:56:34.953Z,11704,Battery_metrics,Battery_voltage,Dji
,,6,2022-10-22T14:56:00Z,2022-10-22T14:58:00Z,2022-10-22T14:56:36.285Z,11692,Battery_metrics,Battery_voltage,Dji
,,6,2022-10-22T14:56:00Z,2022-10-22T14:58:00Z,2022-10-22T14:56:37.284Z,11702,Battery_metrics,Battery_voltage,Dji
,,6,2022-10-22T14:56:00Z,2022-10-22T14:58:00Z,2022-10-22T14:56:38.616Z,11672,Battery_metrics,Battery_voltage,Dji
,,6,2022-10-22T14:56:00Z,2022-10-22T14:58:00Z,2022-10-22T14:56:39.948Z,11670,Battery_metrics,Battery_voltage,Dji
,,6,2022-10-22T14:56:00Z,2022-10-22T14:58:00Z,2022-10-22T14:56:40.947Z,11669,Battery_metrics,Battery_voltage,Dji
,,6,2022-10-22T14:56:00Z,2022-10-22T14:58:00Z,2022-10-22T14:56:42.279Z,11646,Battery_metrics,Battery_voltage,Dji
,,6,2022-10-22T14:56:00Z,2022-10-22T14:58:00Z,2022-10-22T14:56:43.611Z,11689,Battery_metrics,Battery_voltage,Dji
,,6,2022-10-22T14:56:00Z,2022-10-22T14:58:00Z,2022-10-22T14:56:44.943Z,11672,Battery_metrics,Battery_voltage,Dji
,,6,2022-10-22T14:56:00Z,2022-10-22T14:58:00Z,2022-10-22T14:56:46.275Z,11672,Battery_metrics,Battery_voltage,Dji
,,6,2022-10-22T14:56:00Z,2022-10-22T14:58:00Z,2022-10-22T14:56:47.274Z,11687,Battery_metrics,Battery_voltage,Dji
,,6,2022-10-22T14:56:00Z,2022-10-22T14:58:00Z,2022-10-22T14:56:48.606Z,11771,Battery_metrics,Battery_voltage,Dji
,,6,2022-10-22T14:56:00Z,2022-10-22T14:58:00Z,2022-10-22T14:56:49.938Z,11563,Battery_metrics,Battery_voltage,Dji
,,6,2022-10-22T14:56:00Z,2022-10-22T14:58:00Z,2022-10-22T14:56:51.27Z,11765,Battery_metrics,Battery_voltage,Dji
,,6,2022-10-22T14:56:00Z,2022-10-22T14:58:00Z,2022-10-22T14:56:52.602Z,11654,Battery_metrics,Battery_voltage,Dji
,,6,2022-10-22T14:56:00Z,2022-10-22T14:58:00Z,2022-10-22T14:56:53.934Z,11614,Battery_metrics,Battery_voltage,Dji
,,6,2022-10-22T14:56:00Z,2022-10-22T14:58:00Z,2022-10-22T14:56:55.266Z,11614,Battery_metrics,Battery_voltage,Dji
,,6,2022-10-22T14:56:00Z,2022-10-22T14:58:00Z,2022-10-22T14:56:56.931Z,11513,Battery_metrics,Battery_voltage,Dji
,,6,2022-10-22T14:56:00Z,2022-10-22T14:58:00Z,2022-10-22T14:56:58.263Z,11513,Battery_metrics,Battery_voltage,Dji
,,6,2022-10-22T14:56:00Z,2022-10-22T14:58:00Z,2022-10-22T14:56:59.928Z,11452,Battery_metrics,Battery_voltage,Dji
,,6,2022-10-22T14:56:00Z,2022-10-22T14:58:00Z,2022-10-22T14:57:01.26Z,11644,Battery_metrics,Battery_voltage,Dji
,,6,2022-10-22T14:56:00Z,2022-10-22T14:58:00Z,2022-10-22T14:57:02.259Z,11340,Battery_metrics,Battery_voltage,Dji
,,6,2022-10-22T14:56:00Z,2022-10-22T14:58:00Z,2022-10-22T14:57:03.591Z,11752,Battery_metrics,Battery_voltage,Dji
,,6,2022-10-22T14:56:00Z,2022-10-22T14:58:00Z,2022-10-22T14:57:04.923Z,11704,Battery_metrics,Battery_voltage,Dji
,,6,2022-10-22T14:56:00Z,2022-10-22T14:58:00Z,2022-10-22T14:57:06.588Z,11369,Battery_metrics,Battery_voltage,Dji
,,6,2022-10-22T14:56:00Z,2022-10-22T14:58:00Z,2022-10-22T14:57:07.92Z,11713,Battery_metrics,Battery_voltage,Dji
,,6,2022-10-22T14:56:00Z,2022-10-22T14:58:00Z,2022-10-22T14:57:08.919Z,11617,Battery_metrics,Battery_voltage,Dji
,,6,2022-10-22T14:56:00Z,2022-10-22T14:58:00Z,2022-10-22T14:57:10.251Z,11617,Battery_metrics,Battery_voltage,Dji
,,6,2022-10-22T14:56:00Z,2022-10-22T14:58:00Z,2022-10-22T14:57:11.583Z,11782,Battery_metrics,Battery_voltage,Dji
,,6,2022-10-22T14:56:00Z,2022-10-22T14:58:00Z,2022-10-22T14:57:12.582Z,11716,Battery_metrics,Battery_voltage,Dji
,,6,2022-10-22T14:56:00Z,2022-10-22T14:58:00Z,2022-10-22T14:57:13.914Z,11290,Battery_metrics,Battery_voltage,Dji
,,6,2022-10-22T14:56:00Z,2022-10-22T14:58:00Z,2022-10-22T14:57:15.246Z,11619,Battery_metrics,Battery_voltage,Dji
,,6,2022-10-22T14:56:00Z,2022-10-22T14:58:00Z,2022-10-22T14:57:16.578Z,11566,Battery_metrics,Battery_voltage,Dji
,,6,2022-10-22T14:56:00Z,2022-10-22T14:58:00Z,2022-10-22T14:57:17.91Z,11652,Battery_metrics,Battery_voltage,Dji
,,6,2022-10-22T14:56:00Z,2022-10-22T14:58:00Z,2022-10-22T14:57:18.909Z,11487,Battery_metrics,Battery_voltage,Dji
,,6,2022-10-22T14:56:00Z,2022-10-22T14:58:00Z,2022-10-22T14:57:20.241Z,11487,Battery_metrics,Battery_voltage,Dji
,,6,2022-10-22T14:56:00Z,2022-10-22T14:58:00Z,2022-10-22T14:57:21.573Z,11627,Battery_metrics,Battery_voltage,Dji
,,6,2022-10-22T14:56:00Z,2022-10-22T14:58:00Z,2022-10-22T14:57:22.905Z,11638,Battery_metrics,Battery_voltage,Dji
,,7,2022-10-22T14:56:00Z,2022-10-22T14:58:00Z,2022-10-22T14:56:00.987Z,0.6000000238418579,Geo_metrics,Altitude,Dji
,,7,2022-10-22T14:56:00Z,2022-10-22T14:58:00Z,2022-10-22T14:56:01.986Z,0.699999988079071,Geo_metrics,Altitude,Dji
,,7,2022-10-22T14:56:00Z,2022-10-22T14:58:00Z,2022-10-22T14:56:03.318Z,0.6000000238418579,Geo_metrics,Altitude,Dji
,,7,2022-10-22T14:56:00Z,2022-10-22T14:58:00Z,2022-10-22T14:56:04.65Z,0.6000000238418579,Geo_metrics,Altitude,Dji
,,7,2022-10-22T14:56:00Z,2022-10-22T14:58:00Z,2022-10-22T14:56:05.982Z,0.6000000238418579,Geo_metrics,Altitude,Dji
,,7,2022-10-22T14:56:00Z,2022-10-22T14:58:00Z,2022-10-22T14:56:07.314Z,2.9000000953674316,Geo_metrics,Altitude,Dji
,,7,2022-10-22T14:56:00Z,2022-10-22T14:58:00Z,2022-10-22T14:56:08.979Z,2.4000000953674316,Geo_metrics,Altitude,Dji
,,7,2022-10-22T14:56:00Z,2022-10-22T14:58:00Z,2022-10-22T14:56:10.311Z,2.4000000953674316,Geo_metrics,Altitude,Dji
,,7,2022-10-22T14:56:00Z,2022-10-22T14:58:00Z,2022-10-22T14:56:11.31Z,1.2999999523162842,Geo_metrics,Altitude,Dji
,,7,2022-10-22T14:56:00Z,2022-10-22T14:58:00Z,2022-10-22T14:56:12.642Z,0.20000000298023224,Geo_metrics,Altitude,Dji
,,7,2022-10-22T14:56:00Z,2022-10-22T14:58:00Z,2022-10-22T14:56:14.64Z,0.20000000298023224,Geo_metrics,Altitude,Dji
,,7,2022-10-22T14:56:00Z,2022-10-22T14:58:00Z,2022-10-22T14:56:15.972Z,0.30000001192092896,Geo_metrics,Altitude,Dji
,,7,2022-10-22T14:56:00Z,2022-10-22T14:58:00Z,2022-10-22T14:56:17.304Z,4.099999904632568,Geo_metrics,Altitude,Dji
,,7,2022-10-22T14:56:00Z,2022-10-22T14:58:00Z,2022-10-22T14:56:18.636Z,3.299999952316284,Geo_metrics,Altitude,Dji
,,7,2022-10-22T14:56:00Z,2022-10-22T14:58:00Z,2022-10-22T14:56:20.301Z,3.4000000953674316,Geo_metrics,Altitude,Dji
,,7,2022-10-22T14:56:00Z,2022-10-22T14:58:00Z,2022-10-22T14:56:21.966Z,1.600000023841858,Geo_metrics,Altitude,Dji
,,7,2022-10-22T14:56:00Z,2022-10-22T14:58:00Z,2022-10-22T14:56:22.965Z,3.5,Geo_metrics,Altitude,Dji
,,7,2022-10-22T14:56:00Z,2022-10-22T14:58:00Z,2022-10-22T14:56:24.297Z,2.4000000953674316,Geo_metrics,Altitude,Dji
,,7,2022-10-22T14:56:00Z,2022-10-22T14:58:00Z,2022-10-22T14:56:25.629Z,0.5,Geo_metrics,Altitude,Dji
,,7,2022-10-22T14:56:00Z,2022-10-22T14:58:00Z,2022-10-22T14:56:26.961Z,0.20000000298023224,Geo_metrics,Altitude,Dji
,,7,2022-10-22T14:56:00Z,2022-10-22T14:58:00Z,2022-10-22T14:56:28.626Z,0.30000001192092896,Geo_metrics,Altitude,Dji
,,7,2022-10-22T14:56:00Z,2022-10-22T14:58:00Z,2022-10-22T14:56:29.625Z,1.100000023841858,Geo_metrics,Altitude,Dji
,,7,2022-10-22T14:56:00Z,2022-10-22T14:58:00Z,2022-10-22T14:56:31.29Z,-0.6000000238418579,Geo_metrics,Altitude,Dji
,,7,2022-10-22T14:56:00Z,2022-10-22T14:58:00Z,2022-10-22T14:56:32.289Z,-0.8999999761581421,Geo_metrics,Altitude,Dji
,,7,2022-10-22T14:56:00Z,2022-10-22T14:58:00Z,2022-10-22T14:56:33.621Z,-0.8999999761581421,Geo_metrics,Altitude,Dji
,,7,2022-10-22T14:56:00Z,2022-10-22T14:58:00Z,2022-10-22T14:56:34.953Z,-0.8999999761581421,Geo_metrics,Altitude,Dji
,,7,2022-10-22T14:56:00Z,2022-10-22T14:58:00Z,2022-10-22T14:56:36.285Z,-0.8999999761581421,Geo_metrics,Altitude,Dji
,,7,2022-10-22T14:56:00Z,2022-10-22T14:58:00Z,2022-10-22T14:56:37.284Z,-0.8999999761581421,Geo_metrics,Altitude,Dji
,,7,2022-10-22T14:56:00Z,2022-10-22T14:58:00Z,2022-10-22T14:56:38.616Z,-0.8999999761581421,Geo_metrics,Altitude,Dji
,,7,2022-10-22T14:56:00Z,2022-10-22T14:58:00Z,2022-10-22T14:56:39.948Z,-0.8999999761581421,Geo_metrics,Altitude,Dji
,,7,2022-10-22T14:56:00Z,2022-10-22T14:58:00Z,2022-10-22T14:56:40.947Z,-0.8999999761581421,Geo_metrics,Altitude,Dji
,,7,2022-10-22T14:56:00Z,2022-10-22T14:58:00Z,2022-10-22T14:56:42.279Z,-0.8999999761581421,Geo_metrics,Altitude,Dji
,,7,2022-10-22T14:56:00Z,2022-10-22T14:58:00Z,2022-10-22T14:56:43.944Z,-0.8999999761581421,Geo_metrics,Altitude,Dji
,,7,2022-10-22T14:56:00Z,2022-10-22T14:58:00Z,2022-10-22T14:56:44.943Z,-0.8999999761581421,Geo_metrics,Altitude,Dji
,,7,2022-10-22T14:56:00Z,2022-10-22T14:58:00Z,2022-10-22T14:56:46.275Z,-0.699999988079071,Geo_metrics,Altitude,Dji
,,7,2022-10-22T14:56:00Z,2022-10-22T14:58:00Z,2022-10-22T14:56:47.607Z,2.0999999046325684,Geo_metrics,Altitude,Dji
,,7,2022-10-22T14:56:00Z,2022-10-22T14:58:00Z,2022-10-22T14:56:48.606Z,1.2999999523162842,Geo_metrics,Altitude,Dji
,,7,2022-10-22T14:56:00Z,2022-10-22T14:58:00Z,2022-10-22T14:56:50.271Z,0.6000000238418579,Geo_metrics,Altitude,Dji
,,7,2022-10-22T14:56:00Z,2022-10-22T14:58:00Z,2022-10-22T14:56:51.603Z,-0.10000000149011612,Geo_metrics,Altitude,Dji
,,7,2022-10-22T14:56:00Z,2022-10-22T14:58:00Z,2022-10-22T14:56:52.935Z,0,Geo_metrics,Altitude,Dji
,,7,2022-10-22T14:56:00Z,2022-10-22T14:58:00Z,2022-10-22T14:56:53.934Z,0,Geo_metrics,Altitude,Dji
,,7,2022-10-22T14:56:00Z,2022-10-22T14:58:00Z,2022-10-22T14:56:55.266Z,1.2000000476837158,Geo_metrics,Altitude,Dji
,,7,2022-10-22T14:56:00Z,2022-10-22T14:58:00Z,2022-10-22T14:56:56.931Z,2.9000000953674316,Geo_metrics,Altitude,Dji
,,7,2022-10-22T14:56:00Z,2022-10-22T14:58:00Z,2022-10-22T14:56:58.263Z,0.4000000059604645,Geo_metrics,Altitude,Dji
,,7,2022-10-22T14:56:00Z,2022-10-22T14:58:00Z,2022-10-22T14:56:59.928Z,-0.699999988079071,Geo_metrics,Altitude,Dji
,,7,2022-10-22T14:56:00Z,2022-10-22T14:58:00Z,2022-10-22T14:57:01.26Z,0.20000000298023224,Geo_metrics,Altitude,Dji
,,7,2022-10-22T14:56:00Z,2022-10-22T14:58:00Z,2022-10-22T14:57:02.259Z,2.200000047683716,Geo_metrics,Altitude,Dji
,,7,2022-10-22T14:56:00Z,2022-10-22T14:58:00Z,2022-10-22T14:57:03.591Z,6,Geo_metrics,Altitude,Dji
,,7,2022-10-22T14:56:00Z,2022-10-22T14:58:00Z,2022-10-22T14:57:04.923Z,8.399999618530273,Geo_metrics,Altitude,Dji
,,7,2022-10-22T14:56:00Z,2022-10-22T14:58:00Z,2022-10-22T14:57:06.588Z,15.399999618530273,Geo_metrics,Altitude,Dji
,,7,2022-10-22T14:56:00Z,2022-10-22T14:58:00Z,2022-10-22T14:57:07.92Z,19.299999237060547,Geo_metrics,Altitude,Dji
,,7,2022-10-22T14:56:00Z,2022-10-22T14:58:00Z,2022-10-22T14:57:08.919Z,23.899999618530273,Geo_metrics,Altitude,Dji
,,7,2022-10-22T14:56:00Z,2022-10-22T14:58:00Z,2022-10-22T14:57:10.251Z,22.200000762939453,Geo_metrics,Altitude,Dji
,,7,2022-10-22T14:56:00Z,2022-10-22T14:58:00Z,2022-10-22T14:57:11.583Z,15.5,Geo_metrics,Altitude,Dji
,,7,2022-10-22T14:56:00Z,2022-10-22T14:58:00Z,2022-10-22T14:57:12.915Z,8,Geo_metrics,Altitude,Dji
,,7,2022-10-22T14:56:00Z,2022-10-22T14:58:00Z,2022-10-22T14:57:14.247Z,4.300000190734863,Geo_metrics,Altitude,Dji
,,7,2022-10-22T14:56:00Z,2022-10-22T14:58:00Z,2022-10-22T14:57:15.246Z,4.400000095367432,Geo_metrics,Altitude,Dji
,,7,2022-10-22T14:56:00Z,2022-10-22T14:58:00Z,2022-10-22T14:57:16.578Z,4.400000095367432,Geo_metrics,Altitude,Dji
,,7,2022-10-22T14:56:00Z,2022-10-22T14:58:00Z,2022-10-22T14:57:17.91Z,1.600000023841858,Geo_metrics,Altitude,Dji
,,7,2022-10-22T14:56:00Z,2022-10-22T14:58:00Z,2022-10-22T14:57:18.909Z,-1.7000000476837158,Geo_metrics,Altitude,Dji
,,7,2022-10-22T14:56:00Z,2022-10-22T14:58:00Z,2022-10-22T14:57:20.241Z,-2.200000047683716,Geo_metrics,Altitude,Dji
,,7,2022-10-22T14:56:00Z,2022-10-22T14:58:00Z,2022-10-22T14:57:21.573Z,-2.0999999046325684,Geo_metrics,Altitude,Dji
,,7,2022-10-22T14:56:00Z,2022-10-22T14:58:00Z,2022-10-22T14:57:22.905Z,-2.299999952316284,Geo_metrics,Altitude,Dji
,,8,2022-10-22T14:56:00Z,2022-10-22T14:58:00Z,2022-10-22T14:56:00.987Z,49.36771019541202,Geo_metrics,Langtitude,Dji
,,8,2022-10-22T14:56:00Z,2022-10-22T14:58:00Z,2022-10-22T14:56:01.986Z,49.367705620160116,Geo_metrics,Langtitude,Dji
,,8,2022-10-22T14:56:00Z,2022-10-22T14:58:00Z,2022-10-22T14:56:03.318Z,49.36766560937061,Geo_metrics,Langtitude,Dji
,,8,2022-10-22T14:56:00Z,2022-10-22T14:58:00Z,2022-10-22T14:56:04.65Z,49.36763252211922,Geo_metrics,Langtitude,Dji
,,8,2022-10-22T14:56:00Z,2022-10-22T14:58:00Z,2022-10-22T14:56:05.982Z,49.36766790635051,Geo_metrics,Langtitude,Dji
,,8,2022-10-22T14:56:00Z,2022-10-22T14:58:00Z,2022-10-22T14:56:07.314Z,49.3677566417942,Geo_metrics,Langtitude,Dji
,,8,2022-10-22T14:56:00Z,2022-10-22T14:58:00Z,2022-10-22T14:56:08.979Z,49.36778406328176,Geo_metrics,Langtitude,Dji
,,8,2022-10-22T14:56:00Z,2022-10-22T14:58:00Z,2022-10-22T14:56:10.311Z,49.36777476165786,Geo_metrics,Langtitude,Dji
,,8,2022-10-22T14:56:00Z,2022-10-22T14:58:00Z,2022-10-22T14:56:11.31Z,49.36774565734668,Geo_metrics,Langtitude,Dji
,,8,2022-10-22T14:56:00Z,2022-10-22T14:58:00Z,2022-10-22T14:56:12.642Z,49.36774624328136,Geo_metrics,Langtitude,Dji
,,8,2022-10-22T14:56:00Z,2022-10-22T14:58:00Z,2022-10-22T14:56:14.64Z,49.367714546974675,Geo_metrics,Langtitude,Dji
,,8,2022-10-22T14:56:00Z,2022-10-22T14:58:00Z,2022-10-22T14:56:15.972Z,49.36771014617229,Geo_metrics,Langtitude,Dji
,,8,2022-10-22T14:56:00Z,2022-10-22T14:58:00Z,2022-10-22T14:56:17.304Z,49.36771787083978,Geo_metrics,Langtitude,Dji
,,8,2022-10-22T14:56:00Z,2022-10-22T14:58:00Z,2022-10-22T14:56:18.636Z,49.36771536184655,Geo_metrics,Langtitude,Dji
,,8,2022-10-22T14:56:00Z,2022-10-22T14:58:00Z,2022-10-22T14:56:20.301Z,49.36766784547806,Geo_metrics,Langtitude,Dji
,,8,2022-10-22T14:56:00Z,2022-10-22T14:58:00Z,2022-10-22T14:56:21.966Z,49.367660277414934,Geo_metrics,Langtitude,Dji
,,8,2022-10-22T14:56:00Z,2022-10-22T14:58:00Z,2022-10-22T14:56:22.965Z,49.36769498079228,Geo_metrics,Langtitude,Dji
,,8,2022-10-22T14:56:00Z,2022-10-22T14:58:00Z,2022-10-22T14:56:24.297Z,49.36772575253526,Geo_metrics,Langtitude,Dji
,,8,2022-10-22T14:56:00Z,2022-10-22T14:58:00Z,2022-10-22T14:56:25.629Z,49.367730392614796,Geo_metrics,Langtitude,Dji
,,8,2022-10-22T14:56:00Z,2022-10-22T14:58:00Z,2022-10-22T14:56:26.961Z,49.36772114653507,Geo_metrics,Langtitude,Dji
,,8,2022-10-22T14:56:00Z,2022-10-22T14:58:00Z,2022-10-22T14:56:28.293Z,49.36774345203916,Geo_metrics,Langtitude,Dji
,,8,2022-10-22T14:56:00Z,2022-10-22T14:58:00Z,2022-10-22T14:56:29.625Z,49.367730849052236,Geo_metrics,Langtitude,Dji
,,8,2022-10-22T14:56:00Z,2022-10-22T14:58:00Z,2022-10-22T14:56:30.957Z,49.36772530006398,Geo_metrics,Langtitude,Dji
,,8,2022-10-22T14:56:00Z,2022-10-22T14:58:00Z,2022-10-22T14:56:32.289Z,49.36772580507917,Geo_metrics,Langtitude,Dji
,,8,2022-10-22T14:56:00Z,2022-10-22T14:58:00Z,2022-10-22T14:56:33.621Z,49.3677260467553,Geo_metrics,Langtitude,Dji
,,8,2022-10-22T14:56:00Z,2022-10-22T14:58:00Z,2022-10-22T14:56:34.953Z,49.36774438054043,Geo_metrics,Langtitude,Dji
,,8,2022-10-22T14:56:00Z,2022-10-22T14:58:00Z,2022-10-22T14:56:36.285Z,49.36776105741199,Geo_metrics,Langtitude,Dji
,,8,2022-10-22T14:56:00Z,2022-10-22T14:58:00Z,2022-10-22T14:56:37.284Z,49.36776413954607,Geo_metrics,Langtitude,Dji
,,8,2022-10-22T14:56:00Z,2022-10-22T14:58:00Z,2022-10-22T14:56:38.616Z,49.367765321729166,Geo_metrics,Langtitude,Dji
,,8,2022-10-22T14:56:00Z,2022-10-22T14:58:00Z,2022-10-22T14:56:39.948Z,49.36776217472342,Geo_metrics,Langtitude,Dji
,,8,2022-10-22T14:56:00Z,2022-10-22T14:58:00Z,2022-10-22T14:56:40.947Z,49.36776124873276,Geo_metrics,Langtitude,Dji
,,8,2022-10-22T14:56:00Z,2022-10-22T14:58:00Z,2022-10-22T14:56:42.279Z,49.36776807175694,Geo_metrics,Langtitude,Dji
,,8,2022-10-22T14:56:00Z,2022-10-22T14:58:00Z,2022-10-22T14:56:43.944Z,49.36777105086735,Geo_metrics,Langtitude,Dji
,,8,2022-10-22T14:56:00Z,2022-10-22T14:58:00Z,2022-10-22T14:56:44.943Z,49.3677479960124,Geo_metrics,Langtitude,Dji
,,8,2022-10-22T14:56:00Z,2022-10-22T14:58:00Z,2022-10-22T14:56:46.275Z,49.36773332222068,Geo_metrics,Langtitude,Dji
,,8,2022-10-22T14:56:00Z,2022-10-22T14:58:00Z,2022-10-22T14:56:47.607Z,49.367748806652955,Geo_metrics,Langtitude,Dji
,,8,2022-10-22T14:56:00Z,2022-10-22T14:58:00Z,2022-10-22T14:56:48.606Z,49.36775377795237,Geo_metrics,Langtitude,Dji
,,8,2022-10-22T14:56:00Z,2022-10-22T14:58:00Z,2022-10-22T14:56:50.271Z,49.36775313833453,Geo_metrics,Langtitude,Dji
,,8,2022-10-22T14:56:00Z,2022-10-22T14:58:00Z,2022-10-22T14:56:51.603Z,49.36775017626315,Geo_metrics,Langtitude,Dji
,,8,2022-10-22T14:56:00Z,2022-10-22T14:58:00Z,2022-10-22T14:56:52.935Z,49.3677532958083,Geo_metrics,Langtitude,Dji
,,8,2022-10-22T14:56:00Z,2022-10-22T14:58:00Z,2022-10-22T14:56:53.934Z,49.36775606717558,Geo_metrics,Langtitude,Dji
,,8,2022-10-22T14:56:00Z,2022-10-22T14:58:00Z,2022-10-22T14:56:55.266Z,49.367756721952226,Geo_metrics,Langtitude,Dji
,,8,2022-10-22T14:56:00Z,2022-10-22T14:58:00Z,2022-10-22T14:56:56.931Z,49.36775662080912,Geo_metrics,Langtitude,Dji
,,8,2022-10-22T14:56:00Z,2022-10-22T14:58:00Z,2022-10-22T14:56:58.263Z,49.36775626264268,Geo_metrics,Langtitude,Dji
,,8,2022-10-22T14:56:00Z,2022-10-22T14:58:00Z,2022-10-22T14:56:59.928Z,49.367754307753025,Geo_metrics,Langtitude,Dji
,,8,2022-10-22T14:56:00Z,2022-10-22T14:58:00Z,2022-10-22T14:57:01.26Z,49.36772000901473,Geo_metrics,Langtitude,Dji
,,8,2022-10-22T14:56:00Z,2022-10-22T14:58:00Z,2022-10-22T14:57:02.259Z,49.3676545240097,Geo_metrics,Langtitude,Dji
,,8,2022-10-22T14:56:00Z,2022-10-22T14:58:00Z,2022-10-22T14:57:03.591Z,49.36756463606618,Geo_metrics,Langtitude,Dji
,,8,2022-10-22T14:56:00Z,2022-10-22T14:58:00Z,2022-10-22T14:57:04.923Z,49.36749077565922,Geo_metrics,Langtitude,Dji
,,8,2022-10-22T14:56:00Z,2022-10-22T14:58:00Z,2022-10-22T14:57:06.588Z,49.36748399778204,Geo_metrics,Langtitude,Dji
,,8,2022-10-22T14:56:00Z,2022-10-22T14:58:00Z,2022-10-22T14:57:07.92Z,49.36748498833596,Geo_metrics,Langtitude,Dji
,,8,2022-10-22T14:56:00Z,2022-10-22T14:58:00Z,2022-10-22T14:57:08.919Z,49.367485478130234,Geo_metrics,Langtitude,Dji
,,8,2022-10-22T14:56:00Z,2022-10-22T14:58:00Z,2022-10-22T14:57:10.251Z,49.367485329925785,Geo_metrics,Langtitude,Dji
,,8,2022-10-22T14:56:00Z,2022-10-22T14:58:00Z,2022-10-22T14:57:11.583Z,49.36748140286784,Geo_metrics,Langtitude,Dji
,,8,2022-10-22T14:56:00Z,2022-10-22T14:58:00Z,2022-10-22T14:57:12.582Z,49.367478879622986,Geo_metrics,Langtitude,Dji
,,8,2022-10-22T14:56:00Z,2022-10-22T14:58:00Z,2022-10-22T14:57:14.247Z,49.36750096606066,Geo_metrics,Langtitude,Dji
,,8,2022-10-22T14:56:00Z,2022-10-22T14:58:00Z,2022-10-22T14:57:15.246Z,49.36756342319968,Geo_metrics,Langtitude,Dji
,,8,2022-10-22T14:56:00Z,2022-10-22T14:58:00Z,2022-10-22T14:57:16.578Z,49.36765758466112,Geo_metrics,Langtitude,Dji
,,8,2022-10-22T14:56:00Z,2022-10-22T14:58:00Z,2022-10-22T14:57:17.91Z,49.36773660010289,Geo_metrics,Langtitude,Dji
,,8,2022-10-22T14:56:00Z,2022-10-22T14:58:00Z,2022-10-22T14:57:18.909Z,49.3677483457327,Geo_metrics,Langtitude,Dji
,,8,2022-10-22T14:56:00Z,2022-10-22T14:58:00Z,2022-10-22T14:57:20.241Z,49.367746285408245,Geo_metrics,Langtitude,Dji
,,8,2022-10-22T14:56:00Z,2022-10-22T14:58:00Z,2022-10-22T14:57:21.573Z,49.3677465432797,Geo_metrics,Langtitude,Dji
,,8,2022-10-22T14:56:00Z,2022-10-22T14:58:00Z,2022-10-22T14:57:22.905Z,49.367747057527694,Geo_metrics,Langtitude,Dji
,,9,2022-10-22T14:56:00Z,2022-10-22T14:58:00Z,2022-10-22T14:56:00.654Z,17.387894106315333,Geo_metrics,Longtitude,Dji
,,9,2022-10-22T14:56:00Z,2022-10-22T14:58:00Z,2022-10-22T14:56:01.986Z,17.387849979411683,Geo_metrics,Longtitude,Dji
,,9,2022-10-22T14:56:00Z,2022-10-22T14:58:00Z,2022-10-22T14:56:03.318Z,17.387819858695384,Geo_metrics,Longtitude,Dji
,,9,2022-10-22T14:56:00Z,2022-10-22T14:58:00Z,2022-10-22T14:56:04.65Z,17.387805541504726,Geo_metrics,Longtitude,Dji
,,9,2022-10-22T14:56:00Z,2022-10-22T14:58:00Z,2022-10-22T14:56:05.982Z,17.387806396451897,Geo_metrics,Longtitude,Dji
,,9,2022-10-22T14:56:00Z,2022-10-22T14:58:00Z,2022-10-22T14:56:07.314Z,17.387844054786306,Geo_metrics,Longtitude,Dji
,,9,2022-10-22T14:56:00Z,2022-10-22T14:58:00Z,2022-10-22T14:56:08.979Z,17.387853974202347,Geo_metrics,Longtitude,Dji
,,9,2022-10-22T14:56:00Z,2022-10-22T14:58:00Z,2022-10-22T14:56:09.978Z,17.3878449798629,Geo_metrics,Longtitude,Dji
,,9,2022-10-22T14:56:00Z,2022-10-22T14:58:00Z,2022-10-22T14:56:11.31Z,17.387816756595083,Geo_metrics,Longtitude,Dji
,,9,2022-10-22T14:56:00Z,2022-10-22T14:58:00Z,2022-10-22T14:56:12.642Z,17.387799207302745,Geo_metrics,Longtitude,Dji
,,9,2022-10-22T14:56:00Z,2022-10-22T14:58:00Z,2022-10-22T14:56:14.64Z,17.387879264823237,Geo_metrics,Longtitude,Dji
,,9,2022-10-22T14:56:00Z,2022-10-22T14:58:00Z,2022-10-22T14:56:15.972Z,17.387887550250284,Geo_metrics,Longtitude,Dji
,,9,2022-10-22T14:56:00Z,2022-10-22T14:58:00Z,2022-10-22T14:56:17.304Z,17.38787296242962,Geo_metrics,Longtitude,Dji
,,9,2022-10-22T14:56:00Z,2022-10-22T14:58:00Z,2022-10-22T14:56:18.636Z,17.38787024427785,Geo_metrics,Longtitude,Dji
,,9,2022-10-22T14:56:00Z,2022-10-22T14:58:00Z,2022-10-22T14:56:20.301Z,17.38782752449891,Geo_metrics,Longtitude,Dji
,,9,2022-10-22T14:56:00Z,2022-10-22T14:58:00Z,2022-10-22T14:56:21.633Z,17.387818245152943,Geo_metrics,Longtitude,Dji
,,9,2022-10-22T14:56:00Z,2022-10-22T14:58:00Z,2022-10-22T14:56:22.965Z,17.387859514525072,Geo_metrics,Longtitude,Dji
,,9,2022-10-22T14:56:00Z,2022-10-22T14:58:00Z,2022-10-22T14:56:24.297Z,17.387905094011895,Geo_metrics,Longtitude,Dji
,,9,2022-10-22T14:56:00Z,2022-10-22T14:58:00Z,2022-10-22T14:56:25.629Z,17.38791298936759,Geo_metrics,Longtitude,Dji
,,9,2022-10-22T14:56:00Z,2022-10-22T14:58:00Z,2022-10-22T14:56:26.961Z,17.387921335737502,Geo_metrics,Longtitude,Dji
,,9,2022-10-22T14:56:00Z,2022-10-22T14:58:00Z,2022-10-22T14:56:28.293Z,17.387899517769995,Geo_metrics,Longtitude,Dji
,,9,2022-10-22T14:56:00Z,2022-10-22T14:58:00Z,2022-10-22T14:56:29.625Z,17.387916182673916,Geo_metrics,Longtitude,Dji
,,9,2022-10-22T14:56:00Z,2022-10-22T14:58:00Z,2022-10-22T14:56:30.957Z,17.387921761981126,Geo_metrics,Longtitude,Dji
,,9,2022-10-22T14:56:00Z,2022-10-22T14:58:00Z,2022-10-22T14:56:32.289Z,17.387921241098887,Geo_metrics,Longtitude,Dji
,,9,2022-10-22T14:56:00Z,2022-10-22T14:58:00Z,2022-10-22T14:56:33.621Z,17.38792115906274,Geo_metrics,Longtitude,Dji
,,9,2022-10-22T14:56:00Z,2022-10-22T14:58:00Z,2022-10-22T14:56:34.953Z,17.38791771091925,Geo_metrics,Longtitude,Dji
,,9,2022-10-22T14:56:00Z,2022-10-22T14:58:00Z,2022-10-22T14:56:36.285Z,17.38792516022029,Geo_metrics,Longtitude,Dji
,,9,2022-10-22T14:56:00Z,2022-10-22T14:58:00Z,2022-10-22T14:56:37.284Z,17.387931354299038,Geo_metrics,Longtitude,Dji
,,9,2022-10-22T14:56:00Z,2022-10-22T14:58:00Z,2022-10-22T14:56:38.616Z,17.387933911818806,Geo_metrics,Longtitude,Dji
,,9,2022-10-22T14:56:00Z,2022-10-22T14:58:00Z,2022-10-22T14:56:39.948Z,17.38798103704735,Geo_metrics,Longtitude,Dji
,,9,2022-10-22T14:56:00Z,2022-10-22T14:58:00Z,2022-10-22T14:56:40.947Z,17.387986947492163,Geo_metrics,Longtitude,Dji
,,9,2022-10-22T14:56:00Z,2022-10-22T14:58:00Z,2022-10-22T14:56:42.279Z,17.387920248493998,Geo_metrics,Longtitude,Dji
,,9,2022-10-22T14:56:00Z,2022-10-22T14:58:00Z,2022-10-22T14:56:43.611Z,17.387885603707463,Geo_metrics,Longtitude,Dji
,,9,2022-10-22T14:56:00Z,2022-10-22T14:58:00Z,2022-10-22T14:56:44.943Z,17.387882125050588,Geo_metrics,Longtitude,Dji
,,9,2022-10-22T14:56:00Z,2022-10-22T14:58:00Z,2022-10-22T14:56:46.275Z,17.387879073163393,Geo_metrics,Longtitude,Dji
,,9,2022-10-22T14:56:00Z,2022-10-22T14:58:00Z,2022-10-22T14:56:47.607Z,17.387883746540933,Geo_metrics,Longtitude,Dji
,,9,2022-10-22T14:56:00Z,2022-10-22T14:58:00Z,2022-10-22T14:56:48.606Z,17.387884327595312,Geo_metrics,Longtitude,Dji
,,9,2022-10-22T14:56:00Z,2022-10-22T14:58:00Z,2022-10-22T14:56:49.938Z,17.387883064901466,Geo_metrics,Longtitude,Dji
,,9,2022-10-22T14:56:00Z,2022-10-22T14:58:00Z,2022-10-22T14:56:51.603Z,17.38790873766862,Geo_metrics,Longtitude,Dji
,,9,2022-10-22T14:56:00Z,2022-10-22T14:58:00Z,2022-10-22T14:56:52.935Z,17.387885469496588,Geo_metrics,Longtitude,Dji
,,9,2022-10-22T14:56:00Z,2022-10-22T14:58:00Z,2022-10-22T14:56:53.934Z,17.38787550100114,Geo_metrics,Longtitude,Dji
,,9,2022-10-22T14:56:00Z,2022-10-22T14:58:00Z,2022-10-22T14:56:55.266Z,17.38791621412807,Geo_metrics,Longtitude,Dji
,,9,2022-10-22T14:56:00Z,2022-10-22T14:58:00Z,2022-10-22T14:56:56.931Z,17.38792104776269,Geo_metrics,Longtitude,Dji
,,9,2022-10-22T14:56:00Z,2022-10-22T14:58:00Z,2022-10-22T14:56:58.263Z,17.387919661008237,Geo_metrics,Longtitude,Dji
,,9,2022-10-22T14:56:00Z,2022-10-22T14:58:00Z,2022-10-22T14:56:59.928Z,17.387918158691356,Geo_metrics,Longtitude,Dji
,,9,2022-10-22T14:56:00Z,2022-10-22T14:58:00Z,2022-10-22T14:57:01.26Z,17.387911376960403,Geo_metrics,Longtitude,Dji
,,9,2022-10-22T14:56:00Z,2022-10-22T14:58:00Z,2022-10-22T14:57:02.259Z,17.38789796573213,Geo_metrics,Longtitude,Dji
,,9,2022-10-22T14:56:00Z,2022-10-22T14:58:00Z,2022-10-22T14:57:03.591Z,17.387881499807648,Geo_metrics,Longtitude,Dji
,,9,2022-10-22T14:56:00Z,2022-10-22T14:58:00Z,2022-10-22T14:57:04.923Z,17.387867052431954,Geo_metrics,Longtitude,Dji
,,9,2022-10-22T14:56:00Z,2022-10-22T14:58:00Z,2022-10-22T14:57:06.588Z,17.387868414724256,Geo_metrics,Longtitude,Dji
,,9,2022-10-22T14:56:00Z,2022-10-22T14:58:00Z,2022-10-22T14:57:07.92Z,17.38786831191595,Geo_metrics,Longtitude,Dji
,,9,2022-10-22T14:56:00Z,2022-10-22T14:58:00Z,2022-10-22T14:57:08.919Z,17.387868079317908,Geo_metrics,Longtitude,Dji
,,9,2022-10-22T14:56:00Z,2022-10-22T14:58:00Z,2022-10-22T14:57:10.251Z,17.38786837815265,Geo_metrics,Longtitude,Dji
,,9,2022-10-22T14:56:00Z,2022-10-22T14:58:00Z,2022-10-22T14:57:11.583Z,17.38786534193326,Geo_metrics,Longtitude,Dji
,,9,2022-10-22T14:56:00Z,2022-10-22T14:58:00Z,2022-10-22T14:57:12.582Z,17.38786387117592,Geo_metrics,Longtitude,Dji
,,9,2022-10-22T14:56:00Z,2022-10-22T14:58:00Z,2022-10-22T14:57:13.914Z,17.387867744135267,Geo_metrics,Longtitude,Dji
,,9,2022-10-22T14:56:00Z,2022-10-22T14:58:00Z,2022-10-22T14:57:15.246Z,17.38788272312812,Geo_metrics,Longtitude,Dji
,,9,2022-10-22T14:56:00Z,2022-10-22T14:58:00Z,2022-10-22T14:57:16.578Z,17.38790560421216,Geo_metrics,Longtitude,Dji
,,9,2022-10-22T14:56:00Z,2022-10-22T14:58:00Z,2022-10-22T14:57:17.91Z,17.387925274151193,Geo_metrics,Longtitude,Dji
,,9,2022-10-22T14:56:00Z,2022-10-22T14:58:00Z,2022-10-22T14:57:18.909Z,17.387927367040067,Geo_metrics,Longtitude,Dji
,,9,2022-10-22T14:56:00Z,2022-10-22T14:58:00Z,2022-10-22T14:57:20.241Z,17.387925329620167,Geo_metrics,Longtitude,Dji
,,9,2022-10-22T14:56:00Z,2022-10-22T14:58:00Z,2022-10-22T14:57:21.573Z,17.387925807142725,Geo_metrics,Longtitude,Dji
,,9,2022-10-22T14:56:00Z,2022-10-22T14:58:00Z,2022-10-22T14:57:22.905Z,17.387926592688956,Geo_metrics,Longtitude,Dji

